,Path_Time,Distance,RT,Sim_Time,PR_acc,Sim_con,Vividness,S_coherence,T_coherence,Fract,Coherence,Length,S_mem,G_mem,Participant,Optimal,Diff,Sim_Centered,Group
0,37.02203,138.7573533,,8.25898,5,5,4.166666667,5,3,5,4.5,1,5,5,1,18.57,18.45203,-4.164566667,0
1,,,,,,,,,,,,,,,,,,,0
2,60.8586,214.8923,2.86982,15.0019,5,5,4.333333333,5,3,5,4.5,2,5,5,1,21.8,39.0586,2.578353333,0
3,34.2099,123.1764,1.95328,15.8052,5,5,4,5,4,4.5,4.5,1,5,5,1,17.2,17.0099,3.381653333,0
4,,,,,,,,,,,,,,,,,,,0
5,39.7432,138.911,1.6036,5.6366,5,5,3.166666667,5,1,5,4,1,5,5,1,20.44,19.3032,-6.786946667,0
6,57.9012,203.05,5.36984,16.5858,5,5,3.333333333,5,5,3,4,1,5,5,1,25.6,32.3012,4.162253333,0
7,60.057,225.073,4.9536,13.2528,5,5,2.166666667,5,5,3,4,1,5,5,1,22.5,37.557,0.829253333,0
8,,,,,,,,,,,,,,,,,,,0
9,,,,,,,,,,,,,,,,,,,0
10,41.25649,124.6319533,,34.08992,2.5,1,1.666666667,2,2,2,2,4,4,1,2,18.57,22.68649,15.280728,0
11,60.8378,223.9969,3.47054,23.569,2.5,2,2.833333333,3,4,2,2.75,4,4,3,2,31.2,29.6378,4.759808,0
12,44.4298,154.3755,3.18707,11.6372,2.5,4,3.166666667,4,4,2,3,2,4,3,2,21.8,22.6298,-7.171992,0
13,34.8936,119.5412,2.27003,10.2228,4,4,3,4,4,2,3,2,4,4,2,17.2,17.6936,-8.586392,0
14,74.6868,283.1004,3.8198,27.3687,4,2,2.833333333,4,4,2,3,4,4,3,2,34.35,40.3368,8.559508,0
15,39.0206,138.7328,5.75271,5.7406,3.5,4,3,4,4,2,3,1,4,5,2,20.44,18.5806,-13.068592,0
16,54.0668,192.329,4.31979,12.7696,4,4,3.166666667,4,4,2,3,2,4,4,2,25.6,28.4668,-6.039592,0
17,43.0386,156.761,7.17071,13.1033,4.5,5,3,4,4,2,3,1,4,4,2,22.5,20.5386,-5.705892,0
18,75.527,280.541,4.03724,31.2708,4,3,2.333333333,4,4,1.5,2.75,5,4,4,2,37.72,37.807,12.461608,0
19,56.135,208.903,1.85245,18.32,2,4,2.666666667,4,4,1.5,2.75,3,4,4,2,19.15,36.985,-0.489192,0
20,35.69412,120.1999533,,14.81041,5,5,4.5,5,5,5,5,2,4,5,3,18.57,17.12412,0.922995556,0
21,59.2903,218.7149,1.81989,15.16942,5,5,4.166666667,5,5,5,5,5,5,5,3,31.2,28.0903,1.282005556,0
22,40.7844,146.4374,3.35321,6.2196,5,5,4.166666667,5,5,3.5,4.25,1,5,5,3,21.8,18.9844,-7.667814444,0
23,34.1716,119.1845,2.15342,14.1563,5,5,4.333333333,5,5,5,5,1,5,5,3,17.2,16.9716,0.268885556,0
24,71.8954,271.3881,2.45346,14.3026,5,5,3.333333333,4,5,5,4.75,4,5,5,3,34.35,37.5454,0.415185556,0
25,38.3527,136.2789,2.97085,14.4862,5,5,5,5,5,5,5,1,5,5,3,20.44,17.9127,0.598785556,0
26,51.5766,191.618,2.03737,18.6356,5,5,4.333333333,5,5,5,5,1,5,5,3,25.6,25.9766,4.748185556,0
27,44.8026,163.646,2.52061,12.8526,5,5,4.166666667,5,5,5,5,1,5,5,3,22.5,22.3026,-1.034814444,0
28,,,,,,,,,,,,,,,,,,,0
29,37.3,131.628,2.20264,14.354,5,5,3.5,5,5,4.5,4.75,1,5,5,3,19.15,18.15,0.466585556,0
30,33.10667,123.3536533,,4.961736,5,5,4.833333333,5,4,5,4.75,1,5,5,4,18.57,14.53667,-2.0229526,0
31,57.431,220.9199,1.803364,15.75675,5,5,5,5,5,4.5,4.75,3,5,5,4,31.2,26.231,8.7720614,0
32,58.9657,154.4634,1.43581,7.1196,5,5,5,5,5,4.5,4.75,2,5,5,4,21.8,37.1657,0.1349114,0
33,31.6349,121.0872,2.11898,4.5033,5,5,5,5,5,5,5,2,5,5,4,17.2,14.4349,-2.4813886,0
34,71.5266,279.3827,2.91928,7.8531,5,3,3.666666667,2,4,4.5,3.75,4,5,4,4,34.35,37.1766,0.8684114,0
35,38.611,139.7949,1.58658,5.2199,3.5,5,5,5,5,5,5,1,5,5,4,20.44,18.171,-1.7647886,0
36,49.176,192.326,1.88653,7.3033,5,5,5,5,5,5,5,2,5,5,4,25.6,23.576,0.3186114,0
37,40.3986,157.814,2.15283,6.5362,5,5,5,5,5,5,5,1,5,5,4,22.5,17.8986,-0.4484886,0
38,73.4619,284.852,2.88558,6.5062,5,5,5,5,5,5,5,5,5,5,4,37.72,35.7419,-0.4784886,0
39,43.3439,152.669,3.72006,4.0868,5,5,5,5,5,5,5,3,5,5,4,19.15,24.1939,-2.8978886,0
40,32.94581,123.3936533,,20.13656,5,5,4.166666667,5,5,5,5,1,5,5,5,18.57,14.37581,3.806604,0
41,55.4831,212.5456,1.82012,24.6375,5,5,4.333333333,5,5,5,5,1,5,5,5,31.2,24.2831,8.307544,0
42,36.0743,135.9997,1.45375,4.4705,5,5,4.166666667,5,5,4.5,4.75,1,5,5,5,21.8,14.2743,-11.859456,0
43,31.0021,115.2928,2.0699,6.4359,4.5,5,4.333333333,5,5,4.5,4.75,1,5,5,5,17.2,13.8021,-9.894056,0
44,70.949,277.4566,6.73633,8.2194,5,5,4.166666667,1,5,4.5,3.75,4,5,5,5,34.35,36.599,-8.110556,0
45,36.625,139.5194,1.52111,12.7572,5,5,4.333333333,5,5,5,5,1,5,5,5,20.44,16.185,-3.572756,0
46,48.7068,178.866,2.71993,15.5018,5,5,4.333333333,5,5,5,5,3,5,5,5,25.6,23.1068,-0.828156,0
47,41.5405,158.688,2.40324,17.7188,3.5,5,4.166666667,5,5,5,5,1,5,5,5,22.5,19.0405,1.388844,0
48,70.9457,271.49,5.50333,35.0031,5,5,4.333333333,5,5,5,5,3,5,5,5,37.72,33.2257,18.673144,0
49,37.916,144.01,2.02086,18.4188,5,5,4.166666667,5,5,4.5,4.75,2,5,5,5,19.15,18.766,2.088844,0
50,36.15476,121.5433533,,6.18707,4,3,3.666666667,3,4,4,3.75,2,5,4,6,18.57,17.58476,1.028945714,0
51,,,,,,,,,,,,,,,,,,,0
52,,,,,,,,,,,,,,,,,,,0
53,34.3908,116.6346,1.91987,3.904,4,5,4.333333333,3,4,3.5,3.5,1,5,4,6,17.2,17.1908,-1.254124286,0
54,73.8743,277.604,2.98663,7.4707,4,5,3.833333333,4,3,4,3.75,5,5,5,6,34.35,39.5243,2.312575714,0
55,38.0282,135.144,2.45425,5.1376,4.5,5,4,3,4,3.5,3.5,2,5,5,6,20.44,17.5882,-0.020524286,0
56,50.8055,188.647,1.70273,3.6857,4.5,5,4,3,3,3.5,3.25,4,5,5,6,25.6,25.2055,-1.472424286,0
57,62.6583,230.213,2.85298,6.3028,4.5,5,3.833333333,4,3,3.5,3.5,4,5,5,6,22.5,40.1583,1.144675714,0
58,,,,,,,,,,,,,,,,,,,0
59,57.748,208.304,1.11943,3.419,4,5,4.5,4,3,3.5,3.5,2,5,5,6,19.15,38.598,-1.739124286,0
60,35.67563,125.7640533,,6.07257,5,5,3,1,2,1.5,1.5,1,5,5,7,18.57,17.10563,0.76182375,0
61,60.7216,236.6681,5.70405,4.6357,5,5,3,1,1,1.5,1.25,1,5,5,7,31.2,29.5216,-0.67504625,0
62,52.0726,199.619,4.83748,2.774,5,5,3.166666667,1,3,1,1.5,1,5,5,7,21.8,30.2726,-2.53674625,0
63,32.6555,123.6236,2.31991,3.9531,5,5,3.333333333,1,1,2.5,1.75,1,5,5,7,17.2,15.4555,-1.35764625,0
64,,,,,,,,,,,,,,,,,,,0
65,,,,,,,,,,,,,,,,20.44,,,0
66,50.6783,196.206,4.43731,6.0221,5,5,3,1,1,2,1.5,5,5,5,7,25.6,25.0783,0.71135375,0
67,42.7074,166.187,2.78667,2.1389,5,5,3.333333333,2,1,3.5,2.5,1,5,5,7,22.5,20.2074,-3.17184625,0
68,73.3774,285.03,4.38664,8.3366,5,5,3.333333333,1,1,2.5,1.75,5,5,5,7,37.72,35.6574,3.02585375,0
69,37.092,140.206,2.63762,8.553,5,5,3.666666667,2,1,2,1.75,2,5,5,7,19.15,17.942,3.24225375,0
70,,,,,,,,,,,,,,,,,,,0
71,60.3665,222.6813,3.96997,11.1523,3,5,3.333333333,3,3,4,3.5,3,5,5,8,31.2,29.1665,2.798228571,0
72,45.3961,151.9835,3.33594,10.3861,5,4,3.166666667,3,3,3.5,3.25,3,5,4,8,21.8,23.5961,2.032028571,0
73,34.9284,121.4385,2.80305,6.9525,5,5,3.666666667,3,3,3.5,3.25,2,5,5,8,17.2,17.7284,-1.401571429,0
74,,,,,,,,,,,,,,,,,,,0
75,37.7914,134.723,2.95387,8.5936,4,5,4,3,3,4,3.5,1,5,5,8,20.44,17.3514,0.239528571,0
76,52.345,185.808,2.80314,5.9873,5,5,3.666666667,3,3,3.5,3.25,2,5,5,8,25.6,26.745,-2.366771429,0
77,47.1206,158.963,2.43666,6.2197,5,5,4,3,3,4,3.5,1,5,5,8,22.5,24.6206,-2.134371429,0
78,,,,,,,,,,,,,,,,,,,0
79,37.911,134.161,3.11987,9.187,4.5,5,4,3,3,3.5,3.25,3,5,4,8,19.15,18.761,0.832928571,0
80,33.41023,121.0107533,,14.73528,5,5,4.666666667,4,5,3.5,4,2,5,5,9,18.57,14.84023,-1.085351111,0
81,56.7951,220.3674,2.76995,8.536,5,5,4.833333333,4,5,3.5,4,2,5,5,9,31.2,25.5951,-7.284631111,0
82,37.852,142.7374,2.68684,8.2193,5,5,4.833333333,5,5,4.5,4.75,1,5,5,9,21.8,16.052,-7.601331111,0
83,34.6458,129.7079,2.1866,20.5191,5,5,4.833333333,5,5,3.5,4.25,1,5,5,9,17.2,17.4458,4.698468889,0
84,69.6794,269.4306,4.61996,23.4682,4.5,5,4,4,5,4,4.25,4,5,4,9,34.35,35.3294,7.647568889,0
85,38.9397,141.6787,2.61958,20.2861,4.5,5,3.833333333,5,5,3,4,1,5,5,9,20.44,18.4997,4.465468889,0
86,47.6127,177.677,2.70361,20.9021,5,5,4.333333333,5,5,3.5,4.25,2,5,5,9,25.6,22.0127,5.081468889,0
87,39.9853,150.694,5.43743,7.6186,4.5,5,4.5,5,5,2.5,3.75,1,5,5,9,22.5,17.4853,-8.202031111,0
88,,,,,,,,,,,,,,,,,,,0
89,38.631,136.527,2.96999,18.101,4.5,5,4,4,4,2.5,3.25,2,5,5,9,19.15,19.481,2.280368889,0
90,47.55209,175.8789533,,10.63265,3,3,4.166666667,5,3,4,4,3,5,3,10,18.57,28.98209,0.442822222,0
91,57.7924,222.614,3.32098,19.752,3,5,4.666666667,1,5,4.5,3.75,4,5,5,10,31.2,26.5924,9.562172222,0
92,43.442,152.2284,2.30335,6.2362,5,5,5,1,5,4.5,3.75,1,5,5,10,21.8,21.642,-3.953627778,0
93,33.9868,115.2571,3.41992,3.4393,5,5,5,5,4,4.5,4.5,1,5,5,10,17.2,16.7868,-6.750527778,0
94,,,,,,,,,,,,,,,,,,,0
95,37.6496,136.776,6.25289,14.2866,1,3,3.666666667,4,2,4,3.5,3,2,4,10,20.44,17.2096,4.096772222,0
96,49.4529,192.51,3.67049,6.7039,5,5,4.833333333,5,5,4.5,4.75,1,5,5,10,25.6,23.8529,-3.485927778,0
97,41.1761,156.336,3.68742,7.0697,5,5,5,1,5,4,3.5,1,5,5,10,22.5,18.6761,-3.120127778,0
98,73.859,278.172,2.00287,15.8686,5,5,4.833333333,4,5,4.5,4.5,5,5,5,10,37.72,36.139,5.678772222,0
99,34.83,134.969,5.55312,7.7195,4.5,5,4.666666667,5,5,4,4.5,1,5,5,10,19.15,15.68,-2.470327778,0
100,52.36614,151.2903533,,4.008578,2.5,2,1.666666667,2,2,1.5,1.75,2,1,1,11,18.57,33.79614,-3.175584,0
101,57.9706,214.2808,1.703902,4.50618,2.5,4,2.833333333,4,3,3,3.25,2,3,4,11,31.2,26.7706,-2.677982,0
102,,,,,,,,,,,,,,,,,,,0
103,35.9924,121.3238,1.45331,3.4565,4,5,5,5,5,4.5,4.75,1,5,5,11,17.2,18.7924,-3.727662,0
104,71.2177,262.173,4.68736,10.8027,5,5,4.666666667,5,5,4,4.5,3,5,4,11,34.35,36.8677,3.618538,0
105,36.6927,133.419,1.03675,8.2365,5,5,5,5,5,5,5,1,5,5,11,20.44,16.2527,1.052338,0
106,50.8212,185.066,2.62059,10.2196,5,5,5,5,5,5,5,4,5,5,11,25.6,25.2212,3.035438,0
107,60.092,223.062,1.25295,7.8865,5,5,5,5,5,5,5,1,5,5,11,22.5,37.592,0.702338,0
108,78.5297,284.371,1.45256,10.07,5,5,4.333333333,5,5,5,5,3,5,5,11,37.72,40.8097,2.885838,0
109,41.059,142.572,1.22055,5.4709,5,1,5,5,5,5,5,3,5,5,11,19.15,21.909,-1.713262,0
110,51.74711,125.0663533,,13.60464,4.5,3,2.5,2,1,2.5,2,3,5,3,12,18.57,33.17711,0.956591429,0
111,68.7105,234.9227,3.68628,8.5191,4.5,3,3.166666667,5,1,5,4,2,5,4,12,31.2,37.5105,-4.128948571,0
112,,,,,,,,,,,,,,,,,,,0
113,36.4698,121.2393,2.58569,8.1202,5,5,4.166666667,2,4,5,4,2,5,5,12,17.2,19.2698,-4.527848571,0
114,,,,,,,,,,,,,,,,,,,0
115,40.2286,139.71,10.25277,7.9022,4,4,4,1,3,5,3.5,1,5,5,12,20.44,19.7886,-4.745848571,0
116,65.392,191.848,4.65347,15.9192,5,4,4.166666667,3,3,5,4,2,5,4,12,25.6,39.792,3.271151429,0
117,43.516,154.015,6.80259,23.002,3.5,5,4.166666667,2,2,5,3.5,1,5,3,12,22.5,21.016,10.35395143,0
118,,,,,,,,,,,,,,,,,,,0
119,41.601,144.131,6.78649,11.469,3,3,3.333333333,2,4,4.5,3.75,3,5,2,12,19.15,22.451,-1.179048571,0
120,,,,,,,,,,,,,,,,,,,0
121,,,,,,,,,,,,,,,,,,,0
122,,,,,,,,,,,,,,,,,,,0
123,,,,,,,,,,,,,,,,,,,0
124,,,,,,,,,,,,,,,,,,,0
125,41.1143,140.545,2.30357,8.3561,2,3,3.5,3,3,3,3,2,3,3,13,20.44,20.6743,-2.67195,0
126,58.0175,207.88,1.53709,13.7,3,3,3.166666667,3,3,3,3,3,3,3,13,25.6,32.4175,2.67195,0
127,,,,,,,,,,,,,,,,,,,0
128,,,,,,,,,,,,,,,,,,,0
129,,,,,,,,,,,,,,,,,,,0
130,55.55636,135.2494533,,16.54436,1,1,2.5,3,1,3.5,2.75,4,5,1,14,18.57,36.98636,9.925628,0
131,,,,,,,,,,,,,,,,,,,0
132,,,,,,,,,,,,,,,,,,,0
133,43.8325,124.4412,3.63663,6.0368,3.5,4,4.666666667,4,2,4.5,3.75,1,5,4,14,17.2,26.6325,-0.581932,0
134,,,,,,,,,,,,,,,,,,,0
135,47.6945,163.016,3.20408,2.1069,3,5,4.666666667,3,3,5,4,1,5,5,14,20.44,27.2545,-4.511832,0
136,51.3045,188.022,4.06891,4.2368,5,5,5,4,3,5,4.25,1,5,5,14,25.6,25.7045,-2.381932,0
137,58.3973,226.168,5.98752,4.1688,5,5,4.166666667,4,3,3.5,3.5,2,5,5,14,22.5,35.8973,-2.449932,0
138,,,,,,,,,,,,,,,,,,,0
139,,,,,,,,,,,,,,,,,,,0
140,,,,,,,,,,,,,,,,,,,0
141,,,,,,,,,,,,,,,,,,,0
142,,,,,,,,,,,,,,,,,,,0
143,40.7096,148.264,1.92049,4.0871,5,5,3.5,1,1,2,1.5,1,5,5,15,17.2,23.5096,-8.812475,0
144,,,,,,,,,,,,,,,,,,,0
145,38.0415,137.929,5.68649,14.2187,4,3,2.833333333,5,3,2,3,4,5,5,15,20.44,17.6015,1.319125,0
146,57.9366,200.073,2.00329,9.3197,2,2,1.833333333,2,1,2,1.75,4,5,3,15,25.6,32.3366,-3.579875,0
147,44.193,163.854,3.53672,23.9728,3.5,1,1,1,1,1,1,5,5,2,15,22.5,21.693,11.073225,0
148,,,,,,,,,,,,,,,,,,,0
149,,,,,,,,,,,,,,,,,,,0
150,36.68432,122.3511533,,18.08827,4,5,4.666666667,4,4,5,4.5,1,5,5,16,18.57,18.11432,1.257151111,0
151,61.6048,227.3095,4.93597,26.6888,4,5,4.833333333,5,5,5,5,5,5,5,16,31.2,30.4048,9.857681111,0
152,40.8085,148.6698,3.2871,15.4693,4,5,3.666666667,5,5,5,5,1,5,5,16,21.8,19.0085,-1.361818889,0
153,33.7052,116.1612,2.22079,16.0183,1.5,5,4.166666667,2,5,4,3.75,1,5,5,16,17.2,16.5052,-0.812818889,0
154,68.3287,248.883,3.57015,15.6699,2,5,3.833333333,4,4,4.5,4.25,5,5,5,16,34.35,33.9787,-1.161218889,0
155,37.5607,135.5481,2.7541,11.5351,4,5,2.666666667,1,5,3.5,3.25,1,5,5,16,20.44,17.1207,-5.296018889,0
156,51.7952,186.6,4.28627,13.2215,2.5,5,5,5,5,5,5,1,5,5,16,25.6,26.1952,-3.609618889,0
157,45.5428,162.333,2.45247,25.7689,5,5,3.833333333,5,5,1.5,3.25,1,5,5,16,22.5,23.0428,8.937781111,0
158,,,,,,,,,,,,,,,,,,,0
159,39.311,136.451,2.03661,9.02,4,5,4.833333333,5,5,5,5,1,1,5,16,19.15,20.161,-7.811118889,0
160,,,,,,,,,,,,,,,,,,,0
161,,,,,,,,,,,,,,,,,,,0
162,,,,,,,,,,,,,,,,,,,0
163,40.4105,144.997,3.13654,6.0219,1.5,1,2.666666667,3,2,4,3.25,2,2,2,17,17.2,23.2105,-0.79905,0
164,,,,,,,,,,,,,,,,,,,0
165,,,,,,,,,,,,,,,,,,,0
166,62.835,217.324,3.38654,7.62,1,1,2.333333333,2,2,3,2.5,1,5,1,17,25.6,37.235,0.79905,0
167,,,,,,,,,,,,,,,,,,,0
168,,,,,,,,,,,,,,,,,,,0
169,,,,,,,,,,,,,,,,,,,0
170,32.80556,125.4198533,,7.17257,4.5,5,4,2,3,3.5,3,1,1,5,18,18.57,14.23556,-0.824697,0
171,59.2734,229.1628,2.25326,7.5851,4.5,5,4.333333333,3,4,4,3.75,4,5,5,18,31.2,28.0734,-0.412167,0
172,42.5623,158.0094,3.99888,5.3373,5,5,4,4,4,4.5,4.25,2,5,5,18,21.8,20.7623,-2.659967,0
173,31.7404,118.1412,3.82034,2.8239,4,5,4,3,4,3.5,3.5,3,5,5,18,17.2,14.5404,-5.173367,0
174,66.4939,254.9471,2.83633,4.9039,5,5,3.666666667,3,4,4,3.75,5,5,5,18,34.35,32.1439,-3.093367,0
175,36.2923,141.2384,2.28587,4.3032,4.5,5,3.5,2,3,4,3.25,4,5,5,18,20.44,15.8523,-3.694067,0
176,49.7785,187.284,3.75333,0.1897,5,5,3.333333333,3,4,3,3.25,3,5,5,18,25.6,24.1785,-7.807567,0
177,43.3612,36.199,2.3865,15.1026,2.5,5,4.333333333,4,4,3,3.5,2,5,5,18,22.5,20.8612,7.105333,0
178,70.4317,126.397,6.68638,19.2854,2.5,5,3.833333333,4,2,3.5,3.25,4,5,5,18,37.72,32.7117,11.288133,0
179,37.443,276.526,2.57017,13.269,4,5,4,2,4,4,3.5,1,5,5,18,19.15,18.293,5.271733,0
180,51.94102,192.3129533,,19.62419,4,5,3.833333333,2,1,5,3.25,3,5,4,19,18.57,33.37102,5.729892,0
181,,,,,,,,,,,,,,,,,,,0
182,42.623,149.436,1.9861,18.2389,1,4,3.666666667,2,1,4,2.75,1,5,3,19,21.8,20.823,4.344602,0
183,36.7265,128.197,0,12.5194,5,5,4.666666667,2,4,4.5,3.75,1,5,4,19,17.2,19.5265,-1.374898,0
184,,,,,,,,,,,,,,,,,,,0
185,,,,,,,,,,,,,,,,,,,0
186,58.303,205.663,1.93766,14.953,1,2,3.333333333,2,2,2,2,4,4,2,19,25.6,32.703,1.058702,0
187,54.791,168.46,2.8202,4.136,4,3,4.166666667,2,4,4,3.5,5,2,2,19,22.5,32.291,-9.758298,0
188,,,,,,,,,,,,,,,,,,,0
189,,,,,,,,,,,,,,,,,,,0
190,38.22701,128.3020533,,10.4532,3,5,4,2,3,4,3.25,3,5,5,20,18.57,19.65701,-5.07292,0
191,59.0091,229.4114,4.00431,15.7689,3,4,4.333333333,3,3,4,3.5,5,4,5,20,31.2,27.8091,0.24278,0
192,41.4467,153.6547,1.60332,15.9697,3,4,3.666666667,4,4,2.5,3.25,2,4,5,20,21.8,19.6467,0.44358,0
193,35.4413,129.7407,3.00267,11.0697,4.5,5,4,4,3,4.5,4,1,5,5,20,17.2,18.2413,-4.45642,0
194,67.7871,268.83,2.76913,17.4691,4.5,3,3.5,3,2,4,3.25,5,5,5,20,34.35,33.4371,1.94298,0
195,38.5912,140.9559,2.76992,20.3377,3,3,3.166666667,2,3,3,2.75,1,3,3,20,20.44,18.1512,4.81158,0
196,49.0301,186.7,3.21986,11.1358,3.5,5,3.333333333,3,3,3.5,3.25,4,4,5,20,25.6,23.4301,-4.39032,0
197,41.8692,165.69,3.10413,16.4861,3,5,2.666666667,4,4,3,3.5,2,5,5,20,22.5,19.3692,0.95998,0
198,74.794,292.202,4.43651,15.419,5,5,4.666666667,4,4,4.5,4.25,5,5,4,20,37.72,37.074,-0.10712,0
199,38.745,142.538,2.18682,21.152,5,5,2.666666667,4,2,3.5,3.25,1,5,5,20,19.15,19.595,5.62588,0
200,44.40471,132.0625533,,3.80242,3.5,4,3.666666667,3,3,4,3.5,2,5,4,21,18.57,25.83471,-0.580435,0
201,,,,,,,,,,,,,,,,,,,0
202,,,,,,,,,,,,,,,,,,,0
203,36.5646,130.6674,2.0867,2.1732,4.5,3,3.666666667,3,3,5,4,1,2,4,21,17.2,19.3646,-2.209655,0
204,,,,,,,,,,,,,,,,,,,0
205,39.9083,143.893,4.43697,5.6198,2,2,2.666666667,2,2,3.5,2.75,2,4,4,21,20.44,19.4683,1.236945,0
206,,,,,,,,,,,,,,,,,,,0
207,44.509,160.521,3.38752,5.936,3,4,3.333333333,2,3,3.5,3,1,2,4,21,22.5,22.009,1.553145,0
208,,,,,,,,,,,,,,,,,,,0
209,,,,,,,,,,,,,,,,,,,0
210,43.00818,156.8550533,,16.87347,3.5,4,4.166666667,4,2,4,3.5,2,5,5,22,18.57,24.43818,2.334041667,0
211,,,,,,,,,,,,,,,,,,,0
212,,,,,,,,,,,,,,,,,,,0
213,34.9914,132.0581,2.33692,16.5687,3,4,3.5,3,2,4,3.25,2,5,4,22,17.2,17.7914,2.029271667,0
214,,,,,,,,,,,,,,,,,,,0
215,45.5302,157.656,9.00324,22.3025,4.5,5,4.833333333,4,2,4.5,3.75,2,5,5,22,20.44,25.0902,7.763071667,0
216,44.6381,167.163,1.78665,12.4364,5,5,5,5,4,5,4.75,1,5,5,22,25.6,19.0381,-2.103028333,0
217,58.0238,226.363,2.06993,10.4525,5,5,5,5,4,5,4.75,2,5,5,22,22.5,35.5238,-4.086928333,0
218,,,,,,,,,,,,,,,,,,,0
219,53.583,203.17,1.55326,8.603,3,5,5,4,2,3,3,3,1,5,22,19.15,34.433,-5.936428333,0
220,33.53909,120.3983533,,12.08298,5,5,4,5,3,5,4.5,1,5,5,23,18.57,14.96909,4.425309,0
221,58.3606,219.3047,1.83559,10.83593,5,5,5,4,5,5,4.75,1,5,5,23,31.2,27.1606,3.178259,0
222,39.5612,146.1431,3.18629,7.2869,5,5,5,5,5,5,5,1,5,5,23,21.8,17.7612,-0.370771,0
223,34.1436,121.8569,1.68745,5.6024,5,5,5,5,5,5,5,1,5,5,23,17.2,16.9436,-2.055271,0
224,66.6688,256.0885,3.18661,9.8361,5,5,4.833333333,4,4,5,4.5,5,5,5,23,34.35,32.3188,2.178429,0
225,37.8223,140.7052,2.4861,4.8699,5,5,5,5,5,5,5,1,5,5,23,20.44,17.3823,-2.787771,0
226,48.916,183.541,3.28697,9.4703,5,5,4.833333333,4,4,5,4.5,1,5,5,23,25.6,23.316,1.812629,0
227,41.9732,158.29,3.65397,4.0696,5,5,5,5,5,5,5,1,5,5,23,22.5,19.4732,-3.588071,0
228,76.8303,289.675,3.35429,7.4686,5,5,5,5,5,5,5,4,5,5,23,37.72,39.1103,-0.189071,0
229,38.7095,145.96,1.80401,5.054,5,5,5,5,5,5,5,1,1,5,23,19.15,19.5595,-2.603671,0
230,33.16216,126.2982533,,23.34178,5,4,4.333333333,3,4,4,3.75,2,5,5,24,18.57,14.59216,-8.813151,0
231,57.2987,223.1485,1.52043,28.45643,5,4,4.5,3,5,4,4,3,5,5,24,31.2,26.0987,-3.698501,0
232,39.4962,152.3502,1.8371,20.6894,5,5,4.5,3,5,4.5,4.25,2,5,5,24,21.8,17.6962,-11.465531,0
233,34.8735,124.7421,1.57031,22.0032,5,5,4.833333333,2,5,4,3.75,2,5,5,24,17.2,17.6735,-10.151731,0
234,71.03,273.8163,2.15413,52.2705,5,5,5,2,5,4,3.75,4,5,5,24,34.35,36.68,20.115569,0
235,37.6776,139.0234,9.304,12.1208,5,5,5,2,5,4,3.75,1,5,5,24,20.44,17.2376,-20.034131,0
236,51.3795,191.103,2.76994,40.5373,5,5,5,4,5,4,4.25,3,5,5,24,25.6,25.7795,8.382369,0
237,43.016,163.175,2.22071,24.4861,5,5,5,4,5,5,4.75,2,5,5,24,22.5,20.516,-7.668831,0
238,78.3226,306.693,2.33622,58.3398,5,5,5,2,5,4.5,4,4,5,5,24,37.72,40.6026,26.184869,0
239,38.484,145.119,1.56996,39.304,5,5,5,5,5,4.5,4.75,3,5,5,24,19.15,19.334,7.149069,0
240,52.7709,194.5879533,,52.34167,4.5,2,2.5,4,4,2,3,1,5,5,25,18.57,34.2009,19.09809875,0
241,64.83,232.2994,3.70308,55.7362,4.5,1,2.5,3,2,1.5,2,3,4,2,25,31.2,33.63,22.49262875,0
242,,,,,,,,,,,,,,,,,,,0
243,,,,,,,,,,,,,,,,,,,0
244,73.7469,286.0683,4.0372,49.6037,3.5,3,2.833333333,3,3,1,2,4,4,5,25,34.35,39.3969,16.36012875,0
245,37.8614,135.404,5.58757,26.4386,4,5,3,3,4,1,2.25,1,5,4,25,20.44,17.4214,-6.80497125,0
246,63.959,237.528,2.9699,41.9704,5,1,3.333333333,5,3,1,2.5,4,5,4,25,25.6,38.359,8.72682875,0
247,44.526,157.458,9.81962,8.503,3,5,3.5,5,5,1.5,3.25,2,5,5,25,22.5,22.026,-24.74057125,0
248,79.305,308.515,4.66873,15.303,5,2,3.166666667,4,4,1,2.5,5,5,5,25,37.72,41.585,-17.94057125,0
249,39.467,149.415,4.45328,16.052,3.5,3,2.666666667,3,4,1,2.25,3,5,5,25,19.15,20.317,-17.19157125,0
250,,,,,,,,,,,,,,,,,,,0
251,60.293,220.5608,2.22047,16.7658,2,5,4.5,4,4,4.5,4.25,1,4,5,26,31.2,29.093,4.4154,0
252,51.7357,151.7548,1.70415,19.3218,5,5,4.666666667,4,4,4.5,4.25,2,4,5,26,21.8,29.9357,6.9714,0
253,33.843,120.4603,2.10406,13.021,5,5,4.666666667,5,4,4.5,4.5,1,4,5,26,17.2,16.643,0.6706,0
254,,,,,,,,,,,,,,,,,,,0
255,38.9068,138.855,2.25434,9.6371,4.5,5,4.5,5,5,3.5,4.25,1,5,4,26,20.44,18.4668,-2.7133,0
256,50.563,176.535,1.22084,13.2531,5,5,4.5,5,5,4,4.5,4,5,5,26,25.6,24.963,0.9027,0
257,42.9476,157.335,1.80423,7.3854,4.5,5,4.666666667,5,5,4.5,4.75,1,5,5,26,22.5,20.4476,-4.965,0
258,,,,,,,,,,,,,,,,,,,0
259,55.8602,208.438,1.93653,7.0686,5,5,4.666666667,5,5,3.5,4.25,4,5,5,26,19.15,36.7102,-5.2818,0
0,,,,,,,,,,,,,,,,,,,1
1,46.7587,240.3714,2.35396,8.3861,3.5,4,3.666666667,3,4,4.5,4,4,5,5,1,31.2,15.5587,2.288933333,1
2,,,,,,,,,,,,,,,,,,,1
3,25.1596,121.1395,2.90321,6.2526,3.5,5,4.666666667,5,5,5,5,1,5,5,1,17.2,7.9596,0.155433333,1
4,52.9151,284.116,2.98561,7.6369,4.5,3,3.333333333,4,4,4,4,5,5,1,1,34.35,18.5651,1.539733333,1
5,27.0688,138.384,2.82062,4.2689,3.5,3,4.5,5,5,4.5,4.75,1,5,5,1,20.44,6.6288,-1.828266667,1
6,39.7877,194.938,4.01982,5.8362,5,4,4,4,4,4,4,4,5,5,1,25.6,14.1877,-0.260966667,1
7,33.7702,178.539,5.32064,4.2023,4,5,4.833333333,5,5,4.5,4.75,1,5,5,1,22.5,11.2702,-1.894866667,1
8,,,,,,,,,,,,,,,,,,,1
9,,,,,,,,,,,,,,,,,,,1
10,23.94523,127.4275533,,6.23413,4.5,4,4.166666667,5,5,4.5,4.75,5,5,4,2,18.57,5.37523,0.538994,1
11,47.224,224.5184,3.02033,7.91963,4.5,4,4.166666667,4,5,4.5,4.5,3,5,4,2,31.2,16.024,2.224494,1
12,27.713,147.678,1.75336,6.1551,4.5,4,4.5,5,5,4.5,4.75,1,5,5,2,21.8,5.913,0.459964,1
13,23.404,125.8457,2.62062,3.6731,5,5,4.666666667,5,5,5,5,1,5,5,2,17.2,6.204,-2.022036,1
14,51.1681,277.0923,3.96998,6.8019,5,5,5,5,5,5,5,4,5,5,2,34.35,16.8181,1.106764,1
15,26.8021,134.6218,10.61964,1.4896,5,5,4.5,5,5,4.5,4.75,1,5,5,2,20.44,6.3621,-4.205536,1
16,36.7658,204.749,2.48625,7.6198,5,5,4.833333333,5,5,4.5,4.75,3,5,5,2,25.6,11.1658,1.924664,1
17,38.0016,163.619,2.52068,4.8032,5,5,4.5,5,5,5,5,1,5,5,2,22.5,15.5016,-0.891936,1
18,53.1232,309.249,2.4699,6.7686,5,5,4.833333333,5,5,5,5,5,5,5,2,37.72,15.4032,1.073464,1
19,39.081,211.026,2.93653,5.4863,5,5,4.833333333,5,5,5,5,3,5,5,2,19.15,19.931,-0.208836,1
20,37.09385,165.3181533,,17.1049,2.5,3,2.5,2,2,2,2,3,5,3,3,18.57,18.52385,6.072514286,1
21,40.5052,218.9545,2.8032,9.1018,2.5,4,2.5,3,2,3.5,3,2,4,4,3,31.2,9.3052,-1.930585714,1
22,,,,,,,,,,,,,,,,,,,1
23,21.9102,123.9661,4.25314,10.6536,2.5,3,3.166666667,4,3,3.5,3.5,1,4,4,3,17.2,4.7102,-0.378785714,1
24,,,,,,,,,,,,,,,,,,,1
25,26.0505,137.227,8.51962,15.2528,1.5,3,2,2,1,2.5,2,3,4,3,3,20.44,5.6105,4.220414286,1
26,46.4344,259.694,2.93653,7.2528,1,3,2.166666667,2,3,1.5,2,3,3,3,3,25.6,20.8344,-3.779585714,1
27,30.3845,160.438,2.08688,9.0573,2.5,4,3.333333333,4,3,2,2.75,1,5,3,3,22.5,7.8845,-1.975085714,1
28,,,,,,,,,,,,,,,,,,,1
29,37.8797,207.481,1.80425,8.8035,2.5,4,3.333333333,1,1,3,2,2,5,4,3,19.15,18.7297,-2.228885714,1
30,28.29425,130.9444533,,27.49221,4,1,1.833333333,1,1,3,2,2,1,5,4,18.57,9.72425,12.96590889,1
31,41.3271,228.1069,3.15395,15.1367,4,2,2.833333333,2,2,1.5,1.75,3,2,5,4,31.2,10.1271,0.610398889,1
32,36.6124,172.2022,2.83767,7.3036,5,1,1.833333333,3,2,2.5,2.5,2,5,5,4,21.8,14.8124,-7.222701111,1
33,28.4327,138.0663,2.53776,14.6872,3.5,2,2.333333333,2,2,3.5,2.75,3,4,5,4,17.2,11.2327,0.160898889,1
34,51.2877,283.137,2.45333,29.703,5,2,2.5,3,2,2,2.25,3,5,5,4,34.35,16.9377,15.17669889,1
35,26.8359,136.3839,2.48582,4.8541,5,5,3.666666667,2,3,3,2.75,2,5,5,4,20.44,6.3959,-9.672201111,1
36,36.2108,202.641,4.22025,6.4872,5,2,2.166666667,2,1,1.5,1.5,1,5,5,4,25.6,10.6108,-8.039101111,1
37,32.0579,167.843,3.70429,6.6028,5,5,3.5,3,2,3.5,3,2,5,5,4,22.5,9.5579,-7.923501111,1
38,57.4866,317.437,4.71997,18.4699,5,3,2.333333333,3,3,1,2,1,5,5,4,37.72,19.7666,3.943598889,1
39,,,,,,,,,,,,,,,,,,,1
40,27.86244,125.1606533,,16.92153,5,4,4,4,4,3,3.5,2,4,4,5,18.57,9.29244,2.470041,1
41,40.9622,226.5354,2.03766,25.20136,5,5,4,4,4,3,3.5,4,4,4,5,31.2,9.7622,10.749871,1
42,29.2771,158.2613,2.3533,12.4033,5,5,4.333333333,4,4,3,3.5,2,4,4,5,21.8,7.4771,-2.048189,1
43,23.1693,120.4564,1.26931,19.5692,5,5,3.5,4,4,3,3.5,2,4,4,5,17.2,5.9693,5.117711,1
44,50.6237,284.0942,1.62058,8.8863,5,5,4,4,4,3.5,3.75,4,4,4,5,34.35,16.2737,-5.565189,1
45,31.4777,182.2008,1.93709,15.0025,5,4,4.166666667,4,4,4,4,2,4,5,5,20.44,11.0377,0.551011,1
46,33.5907,180.927,1.97001,12.8369,5,4,4.166666667,5,3,3.5,3.75,3,4,4,5,25.6,7.9907,-1.614589,1
47,30.4036,164.888,4.37064,8.9867,5,5,4,4,4,3.5,3.75,1,4,4,5,22.5,7.9036,-5.464789,1
48,54.7762,306.854,2.65364,10.3714,5,5,3.5,5,4,3.5,4,4,5,3,5,37.72,17.0562,-4.080089,1
49,27.1672,143.916,2.12099,14.3357,5,4,3.666666667,4,4,3.5,3.75,4,4,5,5,19.15,8.0172,-0.115789,1
50,,,,,,,,,,,,,,,,,,,1
51,43.4846,240.1234,6.31983,13.0689,2.5,4,4,4,4,3.5,3.75,2,2,4,6,31.2,12.2846,5.454816667,1
52,30.9395,160.4946,2.30408,8.9357,5,2,4.833333333,4,5,5,4.75,2,4,5,6,21.8,9.1395,1.321616667,1
53,26.5254,136.8479,3.52008,7.0357,5,4,3.5,4,4,4,4,3,4,4,6,17.2,9.3254,-0.578383333,1
54,,,,,,,,,,,,,,,,,,,1
55,27.949,139.853,5.33591,4.0369,5,5,5,5,5,5,5,1,5,5,6,20.44,7.509,-3.577183333,1
56,45.5759,223.691,3.76989,7.6033,5,1,5,5,5,4,4.5,3,5,5,6,25.6,19.9759,-0.010783333,1
57,,,,,,,,,,,,,,,,,,,1
58,,,,,,,,,,,,,,,,,,,1
59,40.782,214.76,3.67017,5.004,5,4,4.666666667,5,4,4,4.25,3,5,5,6,19.15,21.632,-2.610083333,1
60,24.00292,129.8840533,,11.05328,5,5,5,5,5,3,4,3,5,5,7,18.57,5.43292,3.323338,1
61,40.0472,225.3819,1.40326,6.96974,5,5,5,5,5,5,5,3,5,5,7,31.2,8.8472,-0.760202,1
62,26.7872,148.433,1.23777,5.1854,5,5,5,5,5,5,5,1,5,5,7,21.8,4.9872,-2.544542,1
63,23.215,120.4675,3.02062,4.6364,5,5,5,5,5,5,5,1,5,5,7,17.2,6.015,-3.093542,1
64,48.9605,284.7233,5.73754,9.1697,5,5,5,5,5,5,5,4,5,5,7,34.35,14.6105,1.439758,1
65,26.3894,138.234,2.28685,2.2207,5,5,5,5,5,5,5,1,5,5,7,20.44,5.9494,-5.509242,1
66,35.235,196.653,1.53677,11.5195,5,5,5,5,5,5,5,3,5,5,7,25.6,9.635,3.789558,1
67,31.08,162.27,1.77028,6.6541,5,5,5,5,5,5,5,1,5,5,7,22.5,8.58,-1.075842,1
68,50.9812,296.031,1.50328,12.9207,5,5,5,5,5,5,5,2,5,5,7,37.72,13.2612,5.190758,1
69,25.9466,142.321,9.12029,6.9699,3.5,5,5,5,5,5,5,2,5,5,7,19.15,6.7966,-0.760042,1
70,23.75581,122.4876533,,20.07661,5,5,5,4,5,5,4.75,3,5,5,8,18.57,5.18581,-12.97646,1
71,40.9936,224.5528,1.62064,30.35169,5,5,5,5,5,5,5,4,1,5,8,31.2,9.7936,-2.70138,1
72,27.5627,148.5467,2.46919,35.7716,5,5,5,5,5,5,5,2,5,5,8,21.8,5.7627,2.71853,1
73,23.1759,117.7692,2.75289,26.353,5,5,5,5,5,5,5,3,5,5,8,17.2,5.9759,-6.70007,1
74,48.2499,266.2427,2.42053,35.8191,5,5,5,5,5,5,5,4,5,5,8,34.35,13.8999,2.76603,1
75,34.3216,182.1757,2.48678,30.6884,5,5,5,5,5,5,5,3,5,5,8,20.44,13.8816,-2.36467,1
76,34.856,188.669,2.22088,37.6546,5,5,5,5,5,5,5,3,5,5,8,25.6,9.256,4.60153,1
77,30.9667,162.488,3.70423,32.1216,5,5,5,5,5,5,5,1,5,5,8,22.5,8.4667,-0.93147,1
78,53.1695,297.633,3.06987,31.2215,5,5,5,5,5,5,5,4,5,5,8,37.72,15.4495,-1.83157,1
79,36.523,196.987,2.71925,50.4726,5,5,5,5,5,5,5,4,5,5,8,19.15,17.373,17.41953,1
80,26.24175,122.1832533,,8.69373,4.5,3,1.166666667,1,3,3,2.5,4,5,5,9,18.57,7.67175,4.722957,1
81,43.441,223.6416,2.08662,6.2371,4.5,4,1.166666667,1,3,3,2.5,4,5,5,9,31.2,12.241,2.266327,1
82,31.1664,162.3565,6.38239,5.4858,5,2,1.166666667,1,3,3,2.5,2,4,5,9,21.8,9.3664,1.515027,1
83,23.872,125.6484,3.02,1.2872,5,5,1.166666667,1,3,3,2.5,1,5,5,9,17.2,6.672,-2.683573,1
84,45.464,257.7053,3.0362,3.0366,5,3,1.166666667,1,3,3,2.5,5,5,1,9,34.35,11.114,-0.934173,1
85,30.5812,163.2327,6.1524,3.5366,5,3,1.166666667,1,2,3,2.25,2,5,1,9,20.44,10.1412,-0.434173,1
86,35.1201,188.886,3.05311,0.0212,5,5,1.5,1,2,3,2.25,1,5,5,9,25.6,9.5201,-3.949573,1
87,39.2082,223.592,6.07042,5.8365,5,5,1.166666667,1,2,3,2.25,1,5,5,9,22.5,16.7082,1.865727,1
88,55.2275,309.142,3.60278,1.8031,5,5,1.166666667,1,2,3,2.25,5,5,5,9,37.72,17.5075,-2.167673,1
89,29.2205,139.242,1.95233,3.7699,5,5,1,1,2,3,2.25,2,5,5,9,19.15,10.0705,-0.200873,1
90,,,,,,,,,,,,,,,,,,,1
91,,,,,,,,,,,,,,,,,,,1
92,,,,,,,,,,,,,,,,,,,1
93,31.2086,161.829,3.63661,8.4364,1,3,3,3,2,2,2.25,3,3,3,10,17.2,14.0086,-7.608925,1
94,,,,,,,,,,,,,,,,,,,1
95,39.7152,199.544,4.0369,19.9891,3,1,1.333333333,1,1,2,1.5,4,4,1,10,20.44,19.2752,3.943775,1
96,38.193,212.831,5.17069,10.3198,2.5,3,2.666666667,3,2,2,2.25,3,3,3,10,25.6,12.593,-5.725525,1
97,32.342,173.198,4.68656,25.436,3.5,2,3.166666667,3,2,3,2.75,3,4,1,10,22.5,9.842,9.390675,1
98,,,,,,,,,,,,,,,,,,,1
99,,,,,,,,,,,,,,,,,,,1
100,24.49993,135.7945533,,12.35314,5,5,4,3,2,2,2.25,3,4,5,11,18.57,5.92993,3.997451429,1
101,41.4687,239.4057,2.23776,12.63638,5,5,4.166666667,3,4,4,3.75,4,1,4,11,31.2,10.2687,4.280691429,1
102,,,,,,,,,,,,,,,,,,,1
103,29.4544,154.7906,1.72004,4.4703,4.5,5,4.666666667,1,4,5,3.75,1,5,5,11,17.2,12.2544,-3.885388571,1
104,,,,,,,,,,,,,,,,,,,1
105,25.5716,142.513,2.81996,4.1532,4,5,4.666666667,5,5,4,4.5,1,5,4,11,20.44,5.1316,-4.202488571,1
106,35.9405,203.045,3.20355,8.4539,5,5,4.166666667,4,4,4,4,4,5,4,11,25.6,10.3405,0.098211429,1
107,30.6746,176.091,4.83727,3.6368,5,5,4.166666667,5,5,5,5,1,5,5,11,22.5,8.1746,-4.718888571,1
108,,,,,,,,,,,,,,,,,,,1
109,27.1749,157.948,3.90324,12.7861,3.5,5,4.833333333,5,5,5,5,2,5,5,11,19.15,8.0249,4.430411429,1
110,30.69188,160.0473533,,28.29,4.5,4,4.5,4,5,4.5,4.5,3,5,5,12,18.57,12.12188,-3.49564,1
111,39.7709,230.2151,2.0871,22.0196,4.5,5,4,4,3,3.5,3.5,2,5,5,12,31.2,8.5709,-9.76604,1
112,32.6106,186.8559,2.35375,23.387,5,4,2.833333333,2,3,4,3.25,3,5,5,12,21.8,10.8106,-8.39864,1
113,20.9196,121.2055,9.7205,24.0052,3,5,3.833333333,4,4,4.5,4.25,2,5,5,12,17.2,3.7196,-7.78044,1
114,47.0617,274.9093,2.60338,38.1352,4.5,4,3,4,3,2.5,3,4,4,3,12,34.35,12.7117,6.34956,1
115,32.1721,186.6766,4.86905,29.485,2.5,5,4.166666667,4,4,4,4,3,4,5,12,20.44,11.7321,-2.30064,1
116,34.2644,203.29,4.20258,27.6356,5,5,3.666666667,5,4,3,3.75,2,5,5,12,25.6,8.6644,-4.15004,1
117,38.8399,230.858,2.33694,52.4578,4.5,5,3.333333333,4,4,4,4,1,5,5,12,22.5,16.3399,20.67216,1
118,51.061,303.695,3.93644,36.505,3,5,3.833333333,4,4,3,3.5,3,5,5,12,37.72,13.341,4.71936,1
119,30.178,156.26,2.25376,35.936,4,5,4,4,4,4.5,4.25,2,5,5,12,19.15,11.028,4.15036,1
120,24.97529,120.2604533,,5.18816,5,4,3.666666667,3,3,3,3,4,5,4,13,18.57,6.40529,-0.264874444,1
121,41.4254,221.9939,2.88771,6.98665,5,4,4.5,3,3,4,3.5,5,5,5,13,31.2,10.2254,1.533615556,1
122,35.3425,157.7081,1.73657,12.6036,5,5,4.833333333,3,4,3,3.25,1,5,5,13,21.8,13.5425,7.150565556,1
123,24.8585,121.5439,3.65326,6.3533,5,5,4.833333333,3,3,3,3,3,4,5,13,17.2,7.6585,0.900265556,1
124,51.013,281.7055,3.6034,6.2707,5,4,3.833333333,3,3,3.5,3.25,5,5,2,13,34.35,16.663,0.817665556,1
125,27.2689,136.6659,2.82011,3.8906,4,5,4.833333333,4,2,4.5,3.75,1,4,5,13,20.44,6.8289,-1.562434444,1
126,35.6776,189.637,3.85282,0.4704,5,4,4.5,5,2,3,3.25,4,4,5,13,25.6,10.0776,-4.982634444,1
127,34.6977,172.61,3.45306,1.2571,5,5,5,4,4,3.5,3.75,1,5,5,13,22.5,12.1977,-4.195934444,1
128,58.9191,311.971,2.68677,6.0568,5,4,4,5,3,3,3.5,5,5,4,13,37.72,21.1991,0.603765556,1
129,,,,,,,,,,,,,,,,,,,1
130,,,,,,,,,,,,,,,,,,,1
131,,,,,,,,,,,,,,,,,,,1
132,42.2352,194.2058,1.68743,3.6709,2,4,4.333333333,4,4,4,4,2,5,5,14,21.8,20.4352,-0.39618,1
133,,,,,,,,,,,,,,,,,,,1
134,,,,,,,,,,,,,,,,,,,1
135,33.6624,181.843,5.18714,4.0868,2,2,3,3,4,2.5,3,3,2,3,14,20.44,13.2224,0.01972,1
136,29.9427,174.504,2.83638,6.0699,2.5,3,3.5,3,2,4,3.25,3,3,5,14,25.6,4.3427,2.00282,1
137,39.4232,219.669,2.55426,2.1712,3.5,4,4.333333333,4,4,4,4,2,5,5,14,22.5,16.9232,-1.89588,1
138,,,,,,,,,,,,,,,,,,,1
139,39.771,198.94,3.00274,4.3366,2,2,2.833333333,2,2,3.5,2.75,3,2,5,14,19.15,20.621,0.26952,1
140,26.72058,125.8481533,,23.40871,1.5,1,1.5,1,1,2,1.5,4,5,2,15,18.57,8.15058,3.429619,1
141,41.4537,222.4993,2.38648,4.1038,1.5,4,3.666666667,5,4,3.5,4,1,4,4,15,31.2,10.2537,-15.875291,1
142,27.2006,150.8962,1.68667,23.8405,4.5,5,3.666666667,1,3,3.5,2.75,1,5,4,15,21.8,5.4006,3.861409,1
143,25.2448,128.7234,3.00403,15.5525,4.5,5,3.333333333,5,4,2.5,3.5,2,5,4,15,17.2,8.0448,-4.426591,1
144,48.371,271.6679,2.5544,25.7047,4,2,1.666666667,1,1,1,1,5,5,1,15,34.35,14.021,5.725609,1
145,26.4947,139.3688,5.35284,7.2861,3,5,4.5,5,3,4.5,4.25,1,5,5,15,20.44,6.0547,-12.692991,1
146,36.8911,196.077,2.21894,19.3358,5,3,3.333333333,1,4,4.5,3.5,2,4,4,15,25.6,11.2911,-0.643291,1
147,31.6284,170.305,2.95298,13.653,4,5,4.333333333,5,5,5,5,1,5,5,15,22.5,9.1284,-6.326091,1
148,55.1041,318.723,3.18667,32.1037,5,3,1.833333333,1,2,3,2.25,4,5,5,15,37.72,17.3841,12.124609,1
149,37.9972,207.868,1.76966,34.8021,4,3,2.333333333,5,1,2,2.5,2,5,4,15,19.15,18.8472,14.823009,1
150,,,,,,,,,,,,,,,,,,,1
151,,,,,,,,,,,,,,,,,,,1
152,,,,,,,,,,,,,,,,,,,1
153,,,,,,,,,,,,,,,,,,,1
154,,,,,,,,,,,,,,,,,,,1
155,,,,,,,,,,,,,,,,,,,1
156,39.2601,166.102,3.33612,8.353,4,3,3.666666667,4,4,3,3.5,3,3,4,16,25.6,13.6601,-0.3241,1
157,40.488,223.472,6.15309,9.0012,4,4,4,3,4,3.5,3.5,3,3,3,16,22.5,17.988,0.3241,1
158,,,,,,,,,,,,,,,,,,,1
159,,,,,,,,,,,,,,,,,,,1
160,30.17887,127.7905533,,21.39699,5,4,4.333333333,4,4,3.5,3.75,2,2,4,17,18.57,11.60887,7.12479875,1
161,43.879,239.9513,3.41461,21.68994,5,4,4.166666667,4,4,3.5,3.75,3,4,3,17,31.2,12.679,7.41774875,1
162,41.7266,213.936,1.43632,25.6731,4.5,3,4.166666667,4,4,4.5,4.25,2,4,5,17,21.8,19.9266,11.40090875,1
163,29.3588,137.0235,2.10267,16.1692,5,1,4.5,5,4,2.5,3.5,4,5,4,17,17.2,12.1588,1.89700875,1
164,52.3022,282.3804,2.81967,10.7863,5,2,4.333333333,1,4,3.5,3,4,4,5,17,34.35,17.9522,-3.48589125,1
165,31.5165,136.784,3.62411,1.2032,5,2,4.333333333,2,4,3.5,3.25,1,2,4,17,20.44,11.0765,-13.06899125,1
166,38.8036,209.959,2.28725,1.9061,5,1,5,4,5,3,3.75,1,5,5,17,25.6,13.2036,-12.36609125,1
167,,,,,,,,,,,,,,,,,,,1
168,,,,,,,,,,,,,,,,,,,1
169,29.592,145.33,2.95405,15.3527,5,2,4,4,4,3.5,3.75,4,2,4,17,19.15,10.442,1.08050875,1
170,24.70192,129.8923533,,17.07433,4,3,3,5,4,2,3.25,3,5,3,18,18.57,6.13192,-1.278133,1
171,41.0701,229.4757,3.00427,14.7704,4,5,4.833333333,5,4,5,4.75,4,5,5,18,31.2,9.8701,-3.582063,1
172,33.0557,163.5846,4.70323,16.6357,5,5,4.666666667,2,3,5,3.75,1,5,5,18,21.8,11.2557,-1.716763,1
173,23.5155,128.0512,2.85379,10.27,5,5,4.666666667,3,4,5,4.25,1,5,5,18,17.2,6.3155,-8.082463,1
174,46.5962,262.1239,3.52048,19.77,5,5,4.166666667,3,5,5,4.5,5,5,5,18,34.35,12.2462,1.417537,1
175,29.9567,169.659,3.75388,32.639,5,3,3.333333333,3,2,4,3.25,3,5,3,18,20.44,9.5167,14.286537,1
176,35.3593,193.94,3.22096,13.7871,4,5,4.833333333,1,4,5,3.75,2,5,5,18,25.6,9.7593,-4.565363,1
177,32.1282,169.031,3.88659,17.0365,5,5,5,5,5,4.5,4.75,1,5,5,18,22.5,9.6282,-1.315963,1
178,58.6317,305.492,4.65338,24.3217,5,5,4.833333333,4,4,4.5,4.25,4,5,5,18,37.72,20.9117,5.969237,1
179,26.867,135.553,3.71924,17.2199,5,5,4.833333333,4,5,3.5,4,2,5,5,18,19.15,7.717,-1.132563,1
180,,,,,,,,,,,,,,,,,,,1
181,49.5692,241.6983,4.1199,39.3199,2.5,1,2,5,2,3,3.25,4,4,4,19,31.2,18.3692,18.478,1
182,,,,,,,,,,,,,,,,,,,1
183,26.8898,132.82,3.37092,7.6688,3.5,4,4.5,2,3,2,2.25,2,5,5,19,17.2,9.6898,-13.1731,1
184,,,,,,,,,,,,,,,,,,,1
185,,,,,,,,,,,,,,,,,,,1
186,,,,,,,,,,,,,,,,,,,1
187,36.592,184.906,4.6865,15.537,3.5,4,4.833333333,4,5,3,3.75,1,5,5,19,22.5,14.092,-5.3049,1
188,,,,,,,,,,,,,,,,,,,1
189,,,,,,,,,,,,,,,,,,,1
190,24.59718,128.7341533,,5.939465,4.5,3,3.833333333,2,2,4,3,2,4,4,20,18.57,6.02718,-3.315001429,1
191,,,,,,,,,,,,,,,,,,,1
192,34.5867,170.0559,2.18758,8.6698,3.5,2,2.666666667,2,2,3.5,2.75,3,4,2,20,21.8,12.7867,-0.584666429,1
193,28.1884,124.5803,2.45323,3.9704,2.5,4,3.5,2,3,4,3.25,2,5,4,20,17.2,10.9884,-5.284066429,1
194,50.4224,278.1517,8.36926,5.2702,4.5,2,2.833333333,4,2,4,3.5,5,4,2,20,34.35,16.0724,-3.984266429,1
195,,,,,,,,,,,,,,,,,,,1
196,39.3483,201.699,3.82082,9.5704,2.5,4,3.666666667,4,2,4.5,3.75,3,4,4,20,25.6,13.7483,0.315933571,1
197,33.9528,163.642,6.73671,0.9226,5,3,3.5,4,3,4,3.75,3,2,4,20,22.5,11.4528,-8.331866429,1
198,57.3262,324.589,2.78623,30.4384,4,3,2.666666667,3,2,1,1.75,5,5,3,20,37.72,19.6062,21.18393357,1
199,,,,,,,,,,,,,,,,,,,1
200,,,,,,,,,,,,,,,,,,,1
201,46.5259,228.0778,3.186808,18.4895,2.5,3,3.5,3,3,3.5,3.25,1,3,4,21,31.2,15.3259,1.364525,1
202,,,,,,,,,,,,,,,,,,,1
203,,,,,,,,,,,,,,,,,,,1
204,52.9366,296.926,4.95328,8.2868,3,3,2.833333333,3,2,3,2.75,3,3,3,21,34.35,18.5866,-8.838175,1
205,27.6584,136.356,2.55327,5.5375,4.5,4,4.5,3,4,4.5,4,1,3,5,21,20.44,7.2184,-11.587475,1
206,46.7774,224.15,3.37009,36.1861,5,4,2.666666667,2,2,2.5,2.25,4,2,2,21,25.6,21.1774,19.061125,1
207,,,,,,,,,,,,,,,,,,,1
208,,,,,,,,,,,,,,,,,,,1
209,,,,,,,,,,,,,,,,,,,1
210,24.47373,122.5228533,,38.26504,4,4,3.5,2,4,3,3,3,5,4,22,18.57,5.90373,-1.070386667,1
211,40.6029,223.9494,2.40286,51.355,4,4,3,4,4,4,4,4,5,4,22,31.2,9.4029,12.01957333,1
212,32.3294,160.8654,3.21977,35.9373,4.5,4,2.666666667,1,5,3,3,1,5,4,22,21.8,10.5294,-3.398126667,1
213,23.4352,123.0805,2.13665,33.9045,5,5,3.166666667,2,4,4,3.5,4,2,4,22,17.2,6.2352,-5.430926667,1
214,,,,,,,,,,,,,,,,,,,1
215,31.8781,179.3036,2.50326,38.4357,5,2,3,4,4,3,3.5,4,5,3,22,20.44,11.4381,-0.899726667,1
216,36.3306,194.537,2.33661,37.6885,5,4,4,2,4,3.5,3.25,3,5,4,22,25.6,10.7306,-1.646926667,1
217,28.3203,159.701,3.68666,36.2873,5,4,4,3,4,4,3.75,4,5,3,22,22.5,5.8203,-3.048126667,1
218,56.027,316.429,4.36883,55.2265,5,4,3.833333333,2,4,2.5,2.75,4,5,5,22,37.72,18.307,15.89107333,1
219,28.167,150.937,1.38676,26.919,5,5,4.166666667,2,2,4,3,2,5,5,22,19.15,9.017,-12.41642667,1
220,,,,,,,,,,,,,,,,,,,1
221,,,,,,,,,,,,,,,,,,,1
222,,,,,,,,,,,,,,,,,,,1
223,27.8537,131.482,1.72003,4.4695,2.5,5,4.666666667,4,5,3,3.75,1,3,4,23,17.2,10.6537,-2.20676,1
224,,,,,,,,,,,,,,,,,,,1
225,33.5895,180.203,5.10257,10.0191,1,1,1.666666667,3,2,1,1.75,5,3,1,23,20.44,13.1495,3.34284,1
226,41.142,205.05,2.53757,6.2196,3.5,3,4,3,3,3.5,3.25,4,4,4,23,25.6,15.542,-0.45666,1
227,35.2119,174.58,5.50344,4.4861,5,5,5,5,5,5,5,1,5,5,23,22.5,12.7119,-2.19016,1
228,,,,,,,,,,,,,,,,,,,1
229,31.889,139.022,2.7199,8.187,3.5,2,2.833333333,3,4,3,3.25,4,2,3,23,19.15,12.739,1.51074,1
230,25.15514,122.9240533,,13.63739,5,4,4.166666667,3,3,3,3,1,5,5,24,18.57,6.58514,2.634022222,1
231,41.1178,223.5496,3.37096,16.38692,5,4,3.666666667,3,2,4,3.25,3,5,4,24,31.2,9.9178,5.383552222,1
232,28.9895,152.5329,1.41989,15.5035,5,5,4,3,2,3.5,3,1,5,4,24,21.8,7.1895,4.500132222,1
233,,,,,,,,,,,,,,,,,,,1
234,50.942,289.7629,4.37007,10.4524,2,4,4,4,4,4,4,5,5,4,24,34.35,16.592,-0.550967778,1
235,26.712,137.7075,2.05369,1.4229,5,5,4.5,4,3,1.5,2.5,1,5,5,24,20.44,6.272,-9.580467778,1
236,37.024,200.765,3.96985,8.4852,5,5,4.333333333,3,3,4.5,3.75,3,5,5,24,25.6,11.424,-2.518167778,1
237,31.9935,167.67,1.82086,11.2859,5,5,4.333333333,3,4,4.5,4,1,5,5,24,22.5,9.4935,0.282532222,1
238,56.0366,314.141,2.83737,14.3368,5,5,4.166666667,2,3,4.5,3.5,4,5,5,24,37.72,18.3166,3.333432222,1
239,38.7327,210.549,2.22064,7.5193,5,4,4.166666667,3,3,4,3.5,3,5,5,24,19.15,19.5827,-3.484067778,1
240,24.55786,135.2281533,,18.94161,5,5,3.833333333,2,3,3.5,3,3,5,5,25,18.57,5.98786,9.039097778,1
241,40.8016,226.5634,3.48677,11.2697,5,5,3.5,5,2,4,3.75,4,5,5,25,31.2,9.6016,1.367187778,1
242,32.7218,175.5647,3.83687,9.8375,5,5,3.666666667,5,2,4,3.75,3,5,5,25,21.8,10.9218,-0.065012222,1
243,24.3255,125.0283,5.18696,9.7373,4.5,5,3.5,5,2,3.5,3.5,2,5,5,25,17.2,7.1255,-0.165212222,1
244,50.6462,282.1422,6.40309,13.3363,4.5,5,3.666666667,5,1,3.5,3.25,5,5,5,25,34.35,16.2962,3.433787778,1
245,25.7665,137.441,5.61995,4.8865,4.5,5,3.666666667,5,2,3.5,3.5,2,5,5,25,20.44,5.3265,-5.016012222,1
246,35.2546,192.879,5.43653,7.0866,4.5,5,3.5,5,2,3.5,3.5,4,5,5,25,25.6,9.6546,-2.815912222,1
247,31.635,164.518,4.83656,6.3396,4.5,5,3.5,5,2,3.5,3.5,1,5,5,25,22.5,9.135,-3.562912222,1
248,,,,,,,,,,,,,,,,,,,1
249,40.6114,215.622,3.02043,7.6875,4.5,5,3.833333333,5,2,3.5,3.5,3,5,5,25,19.15,21.4614,-2.215012222,1
250,32.7353,144.1864533,,16.02344,5,5,4.166666667,2,3,3.5,3,1,5,5,26,18.57,14.1653,5.359916,1
251,41.5086,227.7291,3.48663,16.2358,5,5,4,5,3,3.5,3.75,1,5,5,26,31.2,10.3086,5.572276,1
252,29.5784,152.8261,4.85333,9.4201,5,5,4.5,5,3,3.5,3.75,1,5,5,26,21.8,7.7784,-1.243424,1
253,25.0867,129.1811,2.50364,7.9372,5,5,4.5,3,3,3.5,3.25,1,5,5,26,17.2,7.8867,-2.726324,1
254,48.7821,278.3402,4.32044,8.3697,5,5,4.5,3,3,3.5,3.25,4,5,5,26,34.35,14.4321,-2.293824,1
255,29.0101,143.8198,2.88754,5.2354,5,5,4.333333333,3,3,3.5,3.25,1,5,5,26,20.44,8.5701,-5.428124,1
256,37.1043,198.765,2.92105,10.3202,5,5,4.333333333,3,3,3.5,3.25,4,5,5,26,25.6,11.5043,-0.343324,1
257,31.1886,176.852,3.08653,8.2206,5,5,4.166666667,3,3,3.5,3.25,1,5,5,26,22.5,8.6886,-2.442924,1
258,54.3283,313.51,2.45219,10.7031,5,5,4.333333333,5,5,3.5,4.25,5,5,5,26,37.72,16.6083,0.039576,1
259,39.5547,212.238,2.16919,14.1697,5,5,4.666666667,5,5,3.5,4.25,3,5,5,26,19.15,20.4047,3.506176,1
260,29.43958,128.2062533,,8.18995,2,2,3,3,2,2,2.25,3,2,2,27,18.57,10.86958,-1.583025,1
261,,,,,,,,,,,,,,,,,,,1
262,,,,,,,,,,,,,,,,,,,1
263,,,,,,,,,,,,,,,,,,,1
264,,,,,,,,,,,,,,,,,,,1
265,,,,,,,,,,,,,,,,,,,1
266,,,,,,,,,,,,,,,,,,,1
267,,,,,,,,,,,,,,,,,,,1
268,,,,,,,,,,,,,,,,,,,1
269,27.638,147.227,1.2696,11.356,2,3,2.666666667,3,2,3,2.75,3,3,1,27,19.15,8.488,1.583025,1
270,28.17585,126.3716533,,21.69011,1.5,1,2,4,1,3,2.75,4,5,2,28,18.57,9.60585,3.333326667,1
271,43.2005,223.1781,2.66908,23.40574,1.5,4,4,3,3,3.5,3.25,4,4,5,28,31.2,12.0005,5.048956667,1
272,30.4782,153.455,2.78668,20.6683,2,5,4,2,4,4,3.5,1,5,5,28,21.8,8.6782,2.311516667,1
273,35.2786,157.8315,2.02085,12.5026,5,5,4.666666667,2,4,4,3.5,1,5,5,28,17.2,18.0786,-5.854183333,1
274,52.2967,283.1104,3.16985,20.819,5,4,3.833333333,3,3,3,3,3,5,5,28,34.35,17.9467,2.462216667,1
275,36.7205,196.7311,3.90411,20.5182,3,2,3,2,4,2.5,2.75,2,5,3,28,20.44,16.2805,2.161416667,1
276,37.6924,200.834,2.21922,16.986,2,5,4.666666667,2,4,3.5,3.25,2,5,1,28,25.6,12.0924,-1.370783333,1
277,33.1431,173.494,2.01994,9.1529,3,5,4.666666667,5,5,3.5,4.25,1,1,5,28,22.5,10.6431,-9.203883333,1
278,,,,,,,,,,,,,,,,,,,1
279,26.9191,135.453,2.81984,19.4682,3,2,2.333333333,3,3,3,3,2,3,3,28,19.15,7.7691,1.111416667,1
0,30.59335,126.3767533,,8.15695,4,4,4.166666667,4,3,3,3.25,1,5,4,1,18.57,12.02335,-0.605375,2
1,35.4764,225.3577,21.42203,12.7697,4,4,4.166666667,3,4,5,4.25,2,5,5,1,31.2,4.2764,4.007375,2
2,33.5949,222.5528,2.23714,13.0521,5,4,4.333333333,3,3,4.5,3.75,2,5,5,1,21.8,11.7949,4.289775,2
3,19.1088,120.494,1.91994,4.7197,5,5,4.166666667,3,4,4,3.75,1,5,5,1,17.2,1.9088,-4.042625,2
4,48.3628,273.179,0.18769,12.2525,5,4,3.333333333,3,4,4,3.75,3,5,5,1,34.35,14.0128,3.490175,2
5,28.1463,171.7625,8.00338,7.4864,4,5,4.166666667,2,3,4.5,3.5,1,5,4,1,20.44,7.7063,-1.275925,2
6,29.0879,195.388,2.66974,4.3873,4.5,5,4.5,4,3,4,3.75,1,5,5,1,25.6,3.4879,-4.375025,2
7,26.4049,168.837,2.88711,4.406,5,5,4.833333333,4,5,4.5,4.5,1,5,5,1,22.5,3.9049,-4.356325,2
8,43.7282,321.436,2.78652,14.6892,5,4,3.333333333,4,4,4,4,4,5,3,1,37.72,6.0082,5.926875,2
9,34.7226,206.459,3.50266,5.7034,3.5,5,4.5,4,4,4.5,4.25,1,5,5,1,19.15,15.5726,-3.058925,2
10,,,,,,,,,,,,,,,,,,,2
11,35.1758,238.717,2.5025,11.6358,1,2,1.333333333,5,1,1,2,3,5,1,2,31.2,3.9758,-0.283925,2
12,31.4617,173.7236,2.88668,8.8694,3,2,2,4,2,2,2.5,2,5,2,2,21.8,9.6617,-3.050325,2
13,23.4806,138.798,5.08677,10.5537,4,2,2,4,2,3,3,2,5,2,2,17.2,6.2806,-1.366025,2
14,,,,,,,,,,,,,,,,,,,2
15,30.853,205.592,3.13746,8.8021,1,1,1.166666667,1,1,1,1,3,5,5,2,20.44,10.413,-3.117625,2
16,31.3212,205.356,2.90422,7.2027,4,2,2,4,2,2,2.5,3,5,5,2,25.6,5.7212,-4.717025,2
17,33.6107,193.8,3.50318,16.1062,4.5,3,2.5,4,2,2.5,2.75,2,5,5,2,22.5,11.1107,4.186475,2
18,47.864,326.999,5.80274,12.9019,5,3,2,2,2,2.5,2.25,3,5,5,2,37.72,10.144,0.982175,2
19,34.593,218.572,3.08662,19.286,3.5,3,2,2,2,2.5,2.25,3,5,5,2,19.15,15.443,7.366275,2
20,,,,,,,,,,,,,,,,,,,2
21,,,,,,,,,,,,,,,,,,,2
22,,,,,,,,,,,,,,,,,,,2
23,20.4442,127.906,2.16995,5.423,4.5,5,5,5,5,5,5,1,5,5,3,17.2,3.2442,-4.25585,2
24,48.1039,340.728,5.68577,22.1188,5,3,4,2,5,2.5,3,2,5,4,3,34.35,13.7539,12.43995,2
25,20.4533,137.832,3.03726,3.0537,4,5,5,5,5,4.5,4.75,1,5,5,3,20.44,0.0133,-6.62515,2
26,28.0943,204.993,7.61964,4.9529,5,5,5,5,5,3.5,4.25,1,5,5,3,25.6,2.4943,-4.72595,2
27,29.6767,219.571,3.93538,3.7557,5,5,4.5,4,4,1.5,2.75,1,5,5,3,22.5,7.1767,-5.92315,2
28,,,,,,,,,,,,,,,,,,,2
29,34.277,213.608,4.15321,18.769,5,2,3.333333333,2,4,1.5,2.25,2,5,2,3,19.15,15.127,9.09015,2
30,18.57324,124.4859533,,9.92705,5,5,4.5,5,4,4.5,4.5,1,5,5,4,18.57,0.00324,-1.588985,2
31,42.1902,241.7942,1.67061,19.6031,5,4,3.666666667,5,4,4,4.25,5,4,3,4,31.2,10.9902,8.087065,2
32,26.5106,166.9499,1.15334,23.3049,3.5,4,3.833333333,5,4,4.5,4.5,1,5,5,4,21.8,4.7106,11.788865,2
33,18.8938,119.7557,1.28653,13.4359,4.5,5,4.333333333,2,4,4.5,3.75,2,4,4,4,17.2,1.6938,1.919865,2
34,39.8643,282.5253,2.73732,10.0361,5,5,4.833333333,5,4,4.5,4.5,2,5,5,4,34.35,5.5143,-1.479935,2
35,21.4441,139.0137,2.28771,1.3229,5,5,4.666666667,5,4,4,4.25,1,5,5,4,20.44,1.0041,-10.193135,2
36,27.5004,189.946,4.20311,8.4024,5,4,4.5,5,4,4.5,4.5,3,5,4,4,25.6,1.9004,-3.113635,2
37,27.7867,169.336,2.08661,5.5532,5,5,4.5,4,4,3,3.5,1,5,5,4,22.5,5.2867,-5.962835,2
38,45.8009,323.674,2.28662,10.7056,5,5,4.666666667,5,4,4,4.25,3,5,5,4,37.72,8.0809,-0.810435,2
39,34.2514,212.757,1.57064,12.8692,4.5,5,4.5,4,4,4,4,2,5,4,4,19.15,15.1014,1.353165,2
40,,,,,,,,,,,,,,,,,,,2
41,33.376,222.9714,1.70218,18.5556,2,5,4.333333333,5,4,5,4.75,1,5,5,5,31.2,2.176,-2.069366667,2
42,34.3087,188.394,1.13662,18.271,5,5,5,5,4,5,4.75,4,5,5,5,21.8,12.5087,-2.353966667,2
43,32.3049,134.68,2.12017,19.902,5,5,5,5,4,5,4.75,4,5,5,5,17.2,15.1049,-0.722966667,2
44,42.5438,281.223,1.72034,20.1019,5,5,5,5,3,5,4.5,3,1,5,5,34.35,8.1938,-0.523066667,2
45,21.2915,138.079,0.83746,18.7682,5,5,5,5,4,5,4.75,2,5,5,5,20.44,0.8515,-1.856766667,2
46,34.3369,177.893,5.07065,28.4343,5,5,5,5,5,5,5,2,5,1,5,25.6,8.7369,7.809333333,2
47,26.9074,174.56,0.96988,24.535,5,5,5,5,5,5,5,1,5,5,5,22.5,4.4074,3.910033333,2
48,46.727,322.415,4.23749,21.7876,5,5,5,5,5,3,4,3,1,5,5,37.72,9.007,1.162633333,2
49,31.6063,222.585,1.18559,15.2691,5,5,5,5,5,5,5,2,5,5,5,19.15,12.4563,-5.355866667,2
50,36.3175,152.6376533,,24.20867,5,4,4.333333333,4,4,4.5,4.25,2,5,4,6,18.57,17.7475,11.06465111,2
51,47.2153,306.0229,0.15428,21.5513,5,4,4.833333333,4,4,4.5,4.25,3,5,4,6,31.2,16.0153,8.407281111,2
52,38.7793,186.8226,3.58672,15.9513,5,4,5,5,5,4.5,4.75,4,5,5,6,21.8,16.9793,2.807281111,2
53,22.6906,125.5491,5.55318,7.2539,4.5,5,4.666666667,5,5,4.5,4.75,2,5,5,6,17.2,5.4906,-5.890118889,2
54,49.4065,285.5545,4.8529,8.9864,5,5,5,1,5,4.5,3.75,4,3,5,6,34.35,15.0565,-4.157618889,2
55,23.3659,139.608,8.65315,6.586,4.5,5,4.5,4,5,4,4.25,1,5,5,6,20.44,2.9259,-6.558018889,2
56,33.2009,216.331,3.16981,12.6196,5,5,4.333333333,5,5,4.5,4.75,3,5,4,6,25.6,7.6009,-0.524418889,2
57,30.94,191.836,16.63709,4.386,5,5,4.666666667,5,5,4.5,4.75,1,5,4,6,22.5,8.44,-8.758018889,2
58,,,,,,,,,,,,,,,,,,,2
59,25.543,149.248,3.36897,16.753,4,5,4.333333333,1,5,3.5,3.25,2,5,5,6,19.15,6.393,3.608981111,2
60,19.55163,123.8567533,,8.67255,5,4,4.166666667,3,4,3,3.25,2,3,4,7,18.57,0.98163,3.504508,2
61,32.2038,235.7487,2.77079,6.20227,5,5,4.333333333,3,3,3,3,3,2,5,7,31.2,1.0038,1.034228,2
62,22.0142,155.591,2.45321,3.654,5,5,4,3,3,3,3,2,2,4,7,21.8,0.2142,-1.514042,2
63,18.3059,119.897,2.05318,6.0867,5,5,4.333333333,3,3,3,3,3,3,4,7,17.2,1.1059,0.918658,2
64,34.3518,251.5006,3.00249,7.9702,5,5,4.166666667,3,3,3,3,4,3,4,7,34.35,0.0018,2.802158,2
65,20.8411,138.2707,2.98764,4.653,5,5,4,3,3,3,3,2,2,4,7,20.44,0.4011,-0.515042,2
66,28.0405,197.083,2.68687,3.7572,4,5,3.833333333,3,3,3,3,3,4,4,7,25.6,2.4405,-1.410842,2
67,25.8285,169.775,2.80244,4.1407,4,5,4.5,3,3,3,3,1,5,5,7,22.5,3.3285,-1.027342,2
68,37.7272,289.47,2.40358,4.42,5,5,4.5,3,3,3,3,4,4,4,7,37.72,0.0072,-0.748042,2
69,19.1563,133.06,2.7698,2.1238,5,5,4.333333333,3,3,3,3,2,2,4,7,19.15,0.0063,-3.044242,2
70,,,,,,,,,,,,,,,,,,,2
71,34.5234,229.8323,1.92042,22.6865,2.5,2,2,2,3,2,2.25,4,4,3,8,31.2,3.3234,5.185533333,2
72,28.7546,178.8339,1.98682,14.5192,3,3,3.5,3,4,2.5,3,3,2,4,8,21.8,6.9546,-2.981766667,2
73,18.5203,125.8892,2.10423,12.219,4,4,4,3,4,3,3.25,1,4,5,8,17.2,1.3203,-5.281966667,2
74,42.1846,308.1863,2.75349,19.0858,5,3,2.166666667,2,4,3,3,4,3,2,8,34.35,7.8346,1.584833333,2
75,20.8656,137.672,1.81946,7.5208,3.5,5,3.833333333,5,4,3,3.75,1,5,5,8,20.44,0.4256,-9.980166667,2
76,27.3123,191.803,2.4694,24.2024,5,4,3.166666667,2,4,2.5,2.75,3,5,4,8,25.6,1.7123,6.701433333,2
77,24.9711,180.875,2.22066,18.4886,4,5,4.166666667,2,4,3.5,3.25,1,5,4,8,22.5,2.4711,0.987633333,2
78,42.814,325.556,2.67016,20.5012,5,4,3.333333333,4,4,3,3.5,4,4,4,8,37.72,5.094,3.000233333,2
79,29.6664,213.743,1.93593,18.2852,4.5,5,3.833333333,4,4,2.5,3.25,3,4,4,8,19.15,10.5164,0.784233333,2
80,30.26559,161.8553533,,11.86982,3,2,2.833333333,2,3,2,2.25,3,3,2,9,18.57,11.69559,4.404852222,2
81,34.128,236.5567,3.03671,5.70269,3,4,4,4,4,3,3.5,3,5,4,9,31.2,2.928,-1.762277778,2
82,24.725,168.1641,1.38706,6.253,5,2,3,2,3,2.5,2.5,2,5,4,9,21.8,2.925,-1.211967778,2
83,,,,,,,,,,,,,,,,,,,2
84,48.4637,333.6717,4.80219,20.5887,3.5,2,2.833333333,2,3,2,2.25,4,5,1,9,34.35,14.1137,13.12373222,2
85,21.4024,139.414,3.00294,4.3696,3,4,2.833333333,3,3,2,2.5,1,2,4,9,20.44,0.9624,-3.095367778,2
86,28.0881,174.215,2.2374,4.8528,3,4,3.166666667,2,3,2,2.25,3,2,5,9,25.6,2.4881,-2.612167778,2
87,26.5805,173.366,3.97071,0.3078,4,5,3.833333333,2,5,2.5,3,1,5,5,9,22.5,4.0805,-7.157167778,2
88,50.723,359.148,3.91982,6.1033,5,2,2.666666667,2,4,3.5,3.25,5,1,4,9,37.72,13.003,-1.361667778,2
89,37.928,229.474,2.23631,7.137,3.5,2,2.833333333,2,3,3,2.75,4,3,2,9,19.15,18.778,-0.327967778,2
90,22.41901,125.5079533,,8.80343,4.5,5,2.666666667,4,2,3,3,1,5,5,10,18.57,3.84901,-0.419733,2
91,31.2549,220.8295,2.65311,16.6029,4.5,5,3.166666667,2,2,3,2.5,4,5,5,10,31.2,0.0549,7.379737,2
92,25.3426,161.8146,5.10331,7.1367,5,5,2.833333333,3,3,2.5,2.75,2,5,5,10,21.8,3.5426,-2.086463,2
93,17.4181,128.3559,2.05332,5.9539,5,5,3,3,3,2.5,2.75,1,5,5,10,17.2,0.2181,-3.269263,2
94,35.8929,260.5236,5.60267,9.4694,5,5,3,3,3,3,3,4,5,5,10,34.35,1.5429,0.246237,2
95,21.018,139.0192,8.00362,7.3024,5,5,3,3,3,3,3,2,5,5,10,20.44,0.578,-1.920763,2
96,26.9236,191.726,3.06958,7.8527,5,5,2.833333333,3,3,2.5,2.75,2,5,5,10,25.6,1.3236,-1.370463,2
97,24.9809,164.242,6.12086,5.3695,5,5,2.666666667,3,3,2.5,2.75,1,5,5,10,22.5,2.4809,-3.853663,2
98,42.7524,300.124,2.73661,14.3719,5,5,2.833333333,3,3,2.5,2.75,4,5,5,10,37.72,5.0324,5.148737,2
99,19.8901,150.547,6.63649,9.3688,5,5,2.5,3,3,3,3,2,5,5,10,19.15,0.7401,0.145637,2
100,,,,,,,,,,,,,,,,,,,2
101,,,,,,,,,,,,,,,,,,,2
102,,,,,,,,,,,,,,,,,,,2
103,,,,,,,,,,,,,,,,,,,2
104,,,,,,,,,,,,,,,,,,,2
105,24.481,158.838,3.61983,8.5695,4,5,3.166666667,2,2,2,2,1,4,2,11,20.44,4.041,-6.950775,2
106,30.9304,186.079,1.5366,27.0048,5,1,2,1,2,1,1.25,2,5,2,11,25.6,5.3304,11.484525,2
107,34.8875,258.436,4.02066,15.9868,1,4,3,1,2,1.5,1.5,2,5,4,11,22.5,12.3875,0.466525,2
108,,,,,,,,,,,,,,,,,,,2
109,20.11,152.031,7.63715,10.52,5,5,3.166666667,1,1,1,1,3,5,4,11,19.15,0.96,-5.000275,2
110,,,,,,,,,,,,,,,,,,,2
111,46.9879,228.726,5.90339,4.6028,3,2,2.333333333,4,2,2,2.5,3,3,2,12,31.2,15.7879,-1.9256,2
112,,,,,,,,,,,,,,,,,,,2
113,,,,,,,,,,,,,,,,,,,2
114,,,,,,,,,,,,,,,,,,,2
115,,,,,,,,,,,,,,,,,,,2
116,,,,,,,,,,,,,,,,,,,2
117,29.376,170.754,7.60252,8.454,4,4,4,3,4,2.5,3,2,5,4,12,22.5,6.876,1.9256,2
118,,,,,,,,,,,,,,,,,,,2
119,,,,,,,,,,,,,,,,,,,2
120,19.86552,130.9399533,,4.752976,4,4,4.166666667,2,2,2,2,2,2,4,13,18.57,1.29552,-3.1506106,2
121,32.9855,233.0534,1.619954,7.77219,4,5,3.833333333,2,3,3.5,3,4,4,3,13,31.2,1.7855,-0.1313966,2
122,23.2782,162.7279,2.05367,8.0533,4,5,4.166666667,2,3,3.5,3,3,5,4,13,21.8,1.4782,0.1497134,2
123,20.2287,134.8677,1.97047,10.9517,4,5,3.666666667,3,3,4,3.5,2,4,5,13,17.2,3.0287,3.0481134,2
124,39.0255,278.919,2.98748,10.0866,4,4,3.5,3,2,4.5,3.5,4,4,4,13,34.35,4.6755,2.1830134,2
125,24.8635,177.5058,3.76939,8.6692,4,4,3.333333333,3,3,3.5,3.25,4,2,3,13,20.44,4.4235,0.7656134,2
126,29.6198,202.588,1.72001,5.1371,3.5,4,3.666666667,3,3,3.5,3.25,1,4,4,13,25.6,4.0198,-2.7664866,2
127,24.1893,178.199,2.78608,11.4368,4,3,3.833333333,2,3,4.5,3.5,2,3,3,13,22.5,1.6893,3.5332134,2
128,42.1788,299.573,3.58678,10.4025,5,5,4.333333333,3,3,3,3,3,4,4,13,37.72,4.4588,2.4989134,2
129,21.8833,155.688,1.65339,1.7735,4.5,4,4.666666667,4,4,5,4.5,1,3,4,13,19.15,2.7333,-6.1300866,2
130,,,,,,,,,,,,,,,,,,,2
131,,,,,,,,,,,,,,,,,,,2
132,35.2117,247.831,2.73689,29.0208,1.5,1,1.333333333,1,1,3,2,3,2,1,14,21.8,13.4117,13.6674,2
133,27.1704,149.571,2.97093,12.5198,1,3,3,5,1,2.5,2.75,1,3,3,14,17.2,9.9704,-2.8336,2
134,,,,,,,,,,,,,,,,,,,2
135,,,,,,,,,,,,,,,,,,,2
136,39.9915,296.551,2.4542,8.6196,1,1,1.666666667,1,2,2,1.75,4,2,1,14,25.6,14.3915,-6.7338,2
137,22.6388,159.452,3.80318,11.2534,1,5,3.833333333,4,4,1.5,2.75,1,5,5,14,22.5,0.1388,-4.1,2
138,,,,,,,,,,,,,,,,,,,2
139,,,,,,,,,,,,,,,,,,,2
140,,,,,,,,,,,,,,,,,,,2
141,,,,,,,,,,,,,,,,,,,2
142,,,,,,,,,,,,,,,,,,,2
143,,,,,,,,,,,,,,,,,,,2
144,,,,,,,,,,,,,,,,,,,2
145,27.2875,141.166,3.22015,6.4076,2.5,4,4.333333333,4,4,4,4,1,5,4,15,20.44,6.8475,-4.913566667,2
146,29.7199,218.759,2.33605,19.4869,4,3,3.666666667,2,3,4,3.25,3,3,4,15,25.6,4.1199,8.165733333,2
147,32.735,228.353,2.12099,8.069,4,3,3.666666667,2,4,3.5,3.25,3,5,3,15,22.5,10.235,-3.252166667,2
148,,,,,,,,,,,,,,,,,,,2
149,,,,,,,,,,,,,,,,,,,2
150,27.4256,123.2275533,,27.70654,4,4,3.666666667,3,3,4,3.5,1,3,4,16,18.57,8.8556,9.064736,2
151,32.3892,223.0875,7.6709,23.4022,4,4,4.166666667,3,5,2,3,3,5,4,16,31.2,1.1892,4.760396,2
152,32.451,233.9253,3.60317,20.3415,4.5,5,4,5,4,3.5,4,3,5,3,16,21.8,10.651,1.699696,2
153,19.2071,125.9374,2.75285,11.6527,4,4,4.166666667,4,4,2.5,3.25,1,3,5,16,17.2,2.0071,-6.989104,2
154,36.0102,255.3613,7.35225,23.1033,4,4,3.666666667,3,4,2.5,3,5,3,4,16,34.35,1.6602,4.461496,2
155,22.8724,139.5327,6.40289,18.4695,3.5,4,3.666666667,3,4,2.5,3,3,3,3,16,20.44,2.4324,-0.172304,2
156,25.8998,194.938,5.47026,11.8693,3.5,4,3.833333333,3,4,3,3.25,1,4,3,16,25.6,0.2998,-6.772504,2
157,23.2384,165.398,9.75392,14.7009,4.5,4,3.833333333,2,4,2,2.5,2,3,3,16,22.5,0.7384,-3.940904,2
158,40.495,291.293,6.73606,22.6031,4,4,3.666666667,3,4,3,3.25,3,3,4,16,37.72,2.775,3.961296,2
159,20.083,143.299,6.38637,12.569,3.5,4,3.666666667,3,4,1.5,2.5,1,4,3,16,19.15,0.933,-6.072804,2
160,,,,,,,,,,,,,,,,,,,2
161,,,,,,,,,,,,,,,,,,,2
162,,,,,,,,,,,,,,,,,,,2
163,21.9339,139.448,3.08598,1.3724,2.5,4,3.333333333,4,1,3,2.75,1,3,4,17,17.2,4.7339,-8.961542857,2
164,43.4098,302.077,1.97001,7.7364,5,4,3.333333333,3,3,3,3,4,5,4,17,34.35,9.0598,-2.597542857,2
165,21.5311,139.148,1.12009,6.0861,3.5,5,3,4,3,4,3.75,1,5,1,17,20.44,1.0911,-4.247842857,2
166,30.8472,209.885,1.58683,12.8885,2.5,5,3,4,4,3,3.5,3,5,4,17,25.6,5.2472,2.554557143,2
167,37.0537,248.061,7.98676,2.0952,2.5,5,3.166666667,4,3,1.5,2.5,1,1,5,17,22.5,14.5537,-8.238742857,2
168,56.396,373.884,3.65427,3.887,2.5,5,2.833333333,2,2,3,2.5,3,5,5,17,37.72,18.676,-6.446942857,2
169,27.146,156.031,1.37001,38.272,2.5,5,4.5,1,5,4.5,3.75,2,5,4,17,19.15,7.996,27.93805714,2
170,,,,,,,,,,,,,,,,,,,2
171,37.1265,257.8148,0.15328,16.0021,4,3,3.166666667,4,3,4.5,4,3,4,4,18,31.2,5.9265,7.0545,2
172,35.4945,223.6136,2.43762,5.4363,3.5,3,3.166666667,2,3,4.5,3.5,2,2,3,18,21.8,13.6945,-3.5113,2
173,22.7036,147.847,2.95368,6.2877,3.5,4,5,5,5,3,4,1,5,5,18,17.2,5.5036,-2.6599,2
174,,,,,,,,,,,,,,,,,,,2
175,30.4703,174.625,3.23719,12.9034,3,3,3.333333333,3,4,4,3.75,4,3,3,18,20.44,10.0303,3.9558,2
176,,,,,,,,,,,,,,,,25.6,,,2
177,30.1441,195.455,3.33747,4.87,3.5,4,4.333333333,5,5,4.5,4.75,2,5,3,18,22.5,7.6441,-4.0776,2
178,,,,,,,,,,,,,,,,,,,2
179,36.8907,250.182,2.98559,8.1861,4,3,3.833333333,3,4,4,3.75,4,3,4,18,19.15,17.7407,-0.7615,2
180,24.62992,138.7991533,,15.70731,1,1,2,5,1,2,2.5,5,5,5,19,18.57,6.05992,5.286306667,2
181,,,,,,,,,,,,,,,,,,,2
182,,,,,,,,,,,,,,,,,,,2
183,,,,,,,,,,,,,,,,,,,2
184,,,,,,,,,,,,,,,,,,,2
185,23.4016,151.741,4.93723,9.4861,1,2,2,2,1,1.5,1.5,4,5,1,19,20.44,2.9616,-0.934903333,2
186,,,,,,,,,,,,,,,,,,,2
187,36.4228,237.093,4.00323,6.0696,1,2,3.166666667,2,3,2,2.25,2,3,4,19,22.5,13.9228,-4.351403333,2
188,,,,,,,,,,,,,,,,,,,2
189,,,,,,,,,,,,,,,,,,,2
190,19.53978,126.8786533,,9.17399,5,5,4.5,3,3,5,4,2,5,5,20,18.57,0.96978,3.268249,2
191,31.9499,239.596,5.13659,10.85662,5,5,4.5,3,3,5,4,3,5,5,20,31.2,0.7499,4.950879,2
192,21.8999,158.0303,1.27006,4.7363,5,5,4.333333333,2,4,5,4,1,5,5,20,21.8,0.0999,-1.169441,2
193,17.5457,121.7141,2.21979,3.5875,5,5,4.166666667,2,4,5,4,1,5,5,20,17.2,0.3457,-2.318241,2
194,36.1948,275.1391,4.33644,6.0369,5,5,4.666666667,3,3,5,4,3,5,5,20,34.35,1.8448,0.131159,2
195,23.8113,164.9856,2.80332,1.939,5,5,4.5,3,3,5,4,1,5,5,20,20.44,3.3713,-3.966741,2
196,25.6828,199.049,3.38734,5.2518,5,5,4.666666667,2,4,5,4,2,5,5,20,25.6,0.0828,-0.653941,2
197,22.5726,170.238,3.6373,3.9026,5,5,4.833333333,2,4,5,4,1,5,5,20,22.5,0.0726,-2.003141,2
198,39.3987,301.597,1.63772,8.4531,5,5,4,2,4,5,4,2,5,5,20,37.72,1.6787,2.547359,2
199,23.0828,160.946,1.33756,5.1196,5,5,4.666666667,5,4,5,4.75,1,5,5,20,19.15,3.9328,-0.786141,2
200,18.69949,124.6437533,,9.97276,5,5,5,5,5,4.5,4.75,2,5,5,21,18.57,0.12949,2.986333333,2
201,,,,,,,,,,,,,,,,,,,2
202,,,,,,,,,,,,,,,,,,,2
203,24.9003,120.3984,1.93678,8.2672,5,4,4.166666667,5,2,4,3.75,2,5,4,21,17.2,7.7003,1.280773333,2
204,,,,,,,,,,,,,,,,,,,2
205,24.6463,139.377,4.8367,5.3018,4,5,4.166666667,5,5,3,4,1,4,5,21,20.44,4.2063,-1.684626667,2
206,28.9618,194.422,3.98596,5.3532,5,5,3.666666667,4,4,3,3.5,1,4,3,21,25.6,3.3618,-1.633226667,2
207,33.461,236.508,5.90391,4.6538,4.5,5,4.5,5,5,4,4.5,2,5,5,21,22.5,10.961,-2.332626667,2
208,,,,,,,,,,,,,,,,,,,2
209,32.1917,215.48,2.31996,8.3698,5,5,3.5,4,4,3,3.5,3,5,3,21,19.15,13.0417,1.383373333,2
210,36.17953,233.0661533,,11.2916,3,4,3.833333333,4,4,3,3.5,3,3,4,22,18.57,17.60953,4.157766667,2
211,32.008,223.7087,1.61922,9.7028,3,2,3.166666667,4,4,2.5,3.25,4,4,4,22,31.2,0.808,2.568966667,2
212,,,,,,,,,,,,,,,,,,,2
213,17.2528,122.3315,2.66984,5.5367,2.5,5,3.5,4,5,2,3.25,3,4,4,22,17.2,0.0528,-1.597133333,2
214,35.2572,255.9337,2.38664,9.4862,5,4,3.5,4,3,3,3.25,5,4,2,22,34.35,0.9072,2.352366667,2
215,20.5773,140.788,1.6368,7.3019,5,4,2.166666667,2,2,3,2.5,3,2,2,22,20.44,0.1373,0.168066667,2
216,26.7907,193.179,2.58724,6.7366,4,3,3.833333333,5,5,3,4,4,3,4,22,25.6,1.1907,-0.397233333,2
217,25.4418,166.455,1.21942,6.6872,4.5,2,4,4,4,2.5,3.25,1,4,4,22,22.5,2.9418,-0.446633333,2
218,41.0591,308.448,3.27022,5.8708,5,3,3.666666667,2,4,3.5,3.25,4,4,4,22,37.72,3.3391,-1.263033333,2
219,23.2051,151.879,2.00437,1.5907,5,3,3.5,4,4,3.5,3.75,4,4,4,22,19.15,4.0551,-5.543133333,2
220,,,,,,,,,,,,,,,,,,,2
221,,,,,,,,,,,,,,,,,,,2
222,40.2559,221.1772,3.80254,9.3189,3,2,1.833333333,5,1,1.5,2.25,3,5,2,23,21.8,18.4559,2.597175,2
223,,,,,,,,,,,,,,,,,,,2
224,45.9691,303.868,2.52087,7.1035,1.5,1,2.333333333,3,1,2,2,1,5,3,23,34.35,11.6191,0.381775,2
225,21.8725,140.593,2.48698,4.5076,4,3,2.666666667,4,3,2.5,3,1,5,3,23,20.44,1.4325,-2.214125,2
226,,,,,,,,,,,,,,,,,,,2
227,25.7415,195.766,2.30419,5.9569,2.5,5,4,2,5,4.5,4,1,1,5,23,22.5,3.2415,-0.764825,2
228,,,,,,,,,,,,,,,,,,,2
229,,,,,,,,,,,,,,,,,,,2
230,29.12034,158.8690533,,28.37467,2.5,4,3.5,3,3,4.5,3.75,5,4,3,24,18.57,10.55034,16.06081125,2
231,,,,,,,,,,,,,,,,,,,2
232,23.7583,158.9188,3.5709,15.7349,1.5,4,4.333333333,2,4,5,4,2,4,4,24,21.8,1.9583,3.42104125,2
233,18.4145,123.268,1.88573,5.1528,5,1,3.833333333,5,5,5,5,1,5,5,24,17.2,1.2145,-7.16105875,2
234,53.1005,329.676,1.25325,10.5859,5,2,1.333333333,1,1,5,3,5,5,1,24,34.35,18.7505,-1.72795875,2
235,,,,,,,,,,,,,,,,,,,2
236,28.1294,193.723,2.03658,12.6021,1,3,1.666666667,1,1,5,3,5,1,1,24,25.6,2.5294,0.28824125,2
237,25.4519,170.066,5.28695,8.4219,1,5,4.666666667,5,5,5,5,1,5,5,24,22.5,2.9519,-3.89195875,2
238,43.6121,322.631,1.80376,10.0852,5,3,3.333333333,3,3,5,4,5,3,3,24,37.72,5.8921,-2.22865875,2
239,22.8956,139.916,1.30322,7.5534,5,3,3.666666667,2,4,3.5,3.25,3,2,3,24,19.15,3.7456,-4.76045875,2
240,34.14926,175.3805533,,9.22267,2.5,3,3.5,5,2,2,2.75,1,3,4,25,18.57,15.57926,1.420975,2
241,36.3455,247.5544,1.13706,6.88619,2.5,4,3.5,5,3,3.5,3.75,3,5,2,25,31.2,5.1455,-0.915505,2
242,27.9865,182.8754,1.62032,11.8522,4,3,3.666666667,3,4,2.5,3,3,3,3,25,21.8,6.1865,4.050505,2
243,21.3568,139.6491,1.35322,4.0554,5,5,5,5,5,4,4.5,1,1,5,25,17.2,4.1568,-3.746295,2
244,43.1107,285.0123,2.23667,14.9191,5,5,4.666666667,3,4,3.5,3.5,5,5,5,25,34.35,8.7607,7.117405,2
245,,,,,,,,,,,,,,,,,,,2
246,,,,,,,,,,,,,,,,,,,2
247,32.0077,210.953,1.53557,6.5873,3,4,3.833333333,3,4,3,3.25,3,3,4,25,22.5,9.5077,-1.214395,2
248,47.1623,331.238,1.66938,4.437,5,4,3.5,3,4,3,3.25,4,3,4,25,37.72,9.4423,-3.364695,2
249,20.6574,150.137,2.30313,4.4537,5,5,4.833333333,5,4,4,4.25,3,5,4,25,19.15,1.5074,-3.347995,2
250,27.16497,179.2514533,,13.09132,3.5,3,3,3,3,3,3,3,3,3,26,18.57,8.59497,7.968385556,2
251,31.6405,238.3531,3.9032,0.12149,3.5,4,4.666666667,5,4,2.5,3.5,3,5,4,26,31.2,0.4405,-5.001444444,2
252,27.971,175.764,3.23757,13.4087,5,4,4.166666667,2,4,2,2.5,4,5,4,26,21.8,6.171,8.285765556,2
253,19.107,128.3399,1.87011,5.8064,5,5,4.666666667,4,4,3.5,3.75,2,5,4,26,17.2,1.907,0.683465556,2
254,41.5449,307.7033,1.81944,1.0055,5,3,3.333333333,2,2,3,2.5,4,3,4,26,34.35,7.1949,-4.117434444,2
255,21.4992,153.802,1.00262,4.9726,5,3,2.666666667,3,2,2.5,2.5,3,4,3,26,20.44,1.0592,-0.150334444,2
256,26.4636,200.902,1.25365,1.1218,2.5,5,4.833333333,5,5,4,4.5,3,4,4,26,25.6,0.8636,-4.001134444,2
257,29.9807,231.341,2.13701,2.5229,5,5,5,5,5,4,4.5,1,5,5,26,22.5,7.4807,-2.600034444,2
258,48.0508,371.644,1.75409,4.0557,5,4,3.833333333,4,3,3.5,3.5,5,4,4,26,37.72,10.3308,-1.067234444,2
259,,,,,,,,,,,,,,,,,,,2
